student_id,total_score,grade
1,97.9,A
2,83.9,B
3,100,A
4,100,A
5,92,A
6,97.5,A
7,100,A
8,96.1,A
9,69.8,C
10,80.3,B
11,66.4,C
12,72.5,B
13,95.2,A
14,60.9,C
15,52.1,D
16,73.5,B
17,63,C
18,100,A
19,75.4,B
20,57.9,C
21,100,A
22,79,B
23,76.3,B
24,58.7,C
25,68.3,C
26,97.2,A
27,68.4,C
28,100,A
29,63.6,C
30,89.2,A
31,77.4,B
32,100,A
33,82.6,B
34,71.9,B
35,97.4,A
36,61.6,C
37,99.5,A
38,50.1,D
39,56.7,C
40,84,B
41,100,A
42,100,A
43,63.6,C
44,100,A
45,55.9,C
46,89.6,A
47,78.7,B
48,90.3,A
49,71,B
50,51.1,D
51,82.7,B
52,91,A
53,92.7,A
54,100,A
55,100,A
56,100,A
57,76.9,B
58,91.9,A
59,89.5,A
60,100,A
61,71.2,B
62,81.9,B
63,67.1,C
64,69.9,C
65,96.5,A
66,100,A
67,80.4,B
68,92.2,A
69,83.6,B
70,78.8,B
71,93.2,A
72,100,A
73,84.5,B
74,100,A
75,47.4,D
76,97.5,A
77,90.8,A
78,87.7,A
79,91.7,A
80,54.6,D
81,81,B
82,79.5,B
83,100,A
84,62.3,C
85,64.9,C
86,93.3,A
87,100,A
88,98.4,A
89,69.2,C
90,93.9,A
91,100,A
92,100,A
93,79.7,B
94,86.6,A
95,72,B
96,73.6,B
97,67.3,C
98,73.1,B
99,100,A
100,63.9,C
101,72.9,B
102,73.4,B
103,68.1,C
104,86.1,A
105,83,B
106,77.7,B
107,100,A
108,93.6,A
109,100,A
110,100,A
111,43.5,D
112,93.8,A
113,78.9,B
114,100,A
115,84.2,B
116,100,A
117,100,A
118,73.2,B
119,100,A
120,95.4,A
121,92.1,A
122,76.7,B
123,100,A
124,74.1,B
125,74.2,B
126,100,A
127,74,B
128,72.6,B
129,74.8,B
130,54.7,D
131,50.6,D
132,86.8,A
133,92.6,A
134,97.3,A
135,70.6,B
136,100,A
137,81.9,B
138,78.7,B
139,100,A
140,54.8,D
141,95,A
142,100,A
143,58.2,C
144,87.9,A
145,86.2,A
146,86.1,A
147,58.9,C
148,62.3,C
149,100,A
150,83.5,B
151,90.2,A
152,94.4,A
153,85.4,A
154,100,A
155,100,A
156,92.4,A
157,100,A
158,79.6,B
159,54.8,D
160,93.2,A
161,72,B
162,95.8,A
163,100,A
164,75.8,B
165,97.4,A
166,100,A
167,100,A
168,100,A
169,72.2,B
170,72.9,B
171,63.2,C
172,66.2,C
173,75.6,B
174,100,A
175,75.5,B
176,89.5,A
177,89.2,A
178,100,A
179,92.9,A
180,100,A
181,100,A
182,84.7,B
183,80.1,B
184,100,A
185,75.9,B
186,100,A
187,96.5,A
188,97.2,A
189,58.2,C
190,52.2,D
191,70.1,B
192,100,A
193,89,A
194,44.1,D
195,80.5,B
196,92.5,A
197,65.4,C
198,93.9,A
199,99.8,A
200,53.2,D
201,85.9,A
202,100,A
203,100,A
204,99.4,A
205,63,C
206,70.2,B
207,90.5,A
208,83.7,B
209,98.1,A
210,100,A
211,95.5,A
212,100,A
213,100,A
214,90.2,A
215,87.9,A
216,100,A
217,83,B
218,97.4,A
219,70.6,B
220,83.7,B
221,100,A
222,46.4,D
223,100,A
224,63.1,C
225,87.4,A
226,100,A
227,65.7,C
228,54.2,D
229,69.5,C
230,100,A
231,79,B
232,100,A
233,81.5,B
234,85.8,A
235,100,A
236,100,A
237,53,D
238,96,A
239,81.2,B
240,100,A
241,55,C
242,81.5,B
243,72.7,B
244,100,A
245,55.6,C
246,91.1,A
247,80,B
248,71.4,B
249,100,A
250,89.5,A
251,74.7,B
252,100,A
253,100,A
254,94.1,A
255,38.9,F
256,69.5,C
257,100,A
258,60.4,C
259,98.1,A
260,100,A
261,77.7,B
262,81.2,B
263,57.8,C
264,63.8,C
265,69.4,C
266,68.7,C
267,100,A
268,57.2,C
269,69.3,C
270,83.5,B
271,100,A
272,69.7,C
273,100,A
274,90.1,A
275,78.1,B
276,100,A
277,76.2,B
278,69.6,C
279,77.6,B
280,82.4,B
281,89.1,A
282,100,A
283,100,A
284,43.9,D
285,100,A
286,54.5,D
287,62.1,C
288,100,A
289,85.6,A
290,80.8,B
291,92.4,A
292,71.6,B
293,74.5,B
294,87.5,A
295,89.9,A
296,80.4,B
297,94.9,A
298,92.6,A
299,95.8,A
300,100,A
301,62.9,C
302,81.1,B
303,100,A
304,100,A
305,87.6,A
306,88.1,A
307,100,A
308,77.1,B
309,80,B
310,100,A
311,90.6,A
312,95.9,A
313,99.6,A
314,100,A
315,100,A
316,82.2,B
317,100,A
318,79.8,B
319,94.6,A
320,84.1,B
321,85.3,A
322,87.2,A
323,80.3,B
324,100,A
325,71.6,B
326,75.5,B
327,98.6,A
328,100,A
329,100,A
330,97.9,A
331,90.5,A
332,41.3,D
333,93.3,A
334,81.3,B
335,100,A
336,97.8,A
337,56.7,C
338,81.2,B
339,99.9,A
340,94.6,A
341,72.9,B
342,80.6,B
343,97,A
344,89.4,A
345,79.7,B
346,100,A
347,59,C
348,56.9,C
349,79.9,B
350,91.5,A
351,100,A
352,100,A
353,87.3,A
354,87.4,A
355,88.3,A
356,68.8,C
357,94.7,A
358,76.4,B
359,100,A
360,72.1,B
361,83.7,B
362,100,A
363,85.1,A
364,89.5,A
365,95.4,A
366,82.5,B
367,77.5,B
368,89.9,A
369,93.3,A
370,80,B
371,96.4,A
372,95,A
373,100,A
374,100,A
375,100,A
376,82.4,B
377,92.2,A
378,100,A
379,100,A
380,60.4,C
381,76.5,B
382,88.7,A
383,33.8,F
384,67.3,C
385,87.6,A
386,92.1,A
387,85.4,A
388,100,A
389,100,A
390,97.6,A
391,54.1,D
392,85.8,A
393,63.1,C
394,100,A
395,100,A
396,89.6,A
397,58.6,C
398,100,A
399,81.5,B
400,100,A
401,67.2,C
402,67.8,C
403,87.4,A
404,90.2,A
405,64.9,C
406,88.6,A
407,81.3,B
408,88.5,A
409,85.6,A
410,91.5,A
411,100,A
412,66.4,C
413,54.3,D
414,100,A
415,89.6,A
416,89.2,A
417,100,A
418,96.3,A
419,100,A
420,90.5,A
421,100,A
422,100,A
423,71.4,B
424,89.8,A
425,81.8,B
426,100,A
427,74.1,B
428,100,A
429,96.4,A
430,47,D
431,46.4,D
432,54.4,D
433,76,B
434,97.8,A
435,100,A
436,92.8,A
437,100,A
438,78.9,B
439,74,B
440,75.3,B
441,88.4,A
442,81,B
443,45.8,D
444,80.3,B
445,69.6,C
446,98.2,A
447,100,A
448,89.5,A
449,66.9,C
450,80.3,B
451,67.3,C
452,100,A
453,78.7,B
454,86.2,A
455,71.9,B
456,49.3,D
457,93.4,A
458,55,C
459,79.6,B
460,51.9,D
461,100,A
462,94,A
463,96.2,A
464,77.5,B
465,85.2,A
466,99.2,A
467,92.8,A
468,100,A
469,72.3,B
470,65.7,C
471,66,C
472,60,C
473,63.6,C
474,100,A
475,100,A
476,82.1,B
477,83.4,B
478,97.2,A
479,100,A
480,100,A
481,80.2,B
482,78.5,B
483,67.7,C
484,75.5,B
485,74,B
486,68.5,C
487,66.9,C
488,87.8,A
489,100,A
490,100,A
491,88.1,A
492,100,A
493,100,A
494,85.5,A
495,100,A
496,100,A
497,72.8,B
498,100,A
499,63.5,C
500,72.7,B
501,100,A
502,100,A
503,69.7,C
504,95.4,A
505,56.8,C
506,75.2,B
507,72.6,B
508,64.6,C
509,72.6,B
510,80.7,B
511,89.4,A
512,91.1,A
513,92.8,A
514,63.2,C
515,80.9,B
516,94.3,A
517,92.6,A
518,65.8,C
519,96.1,A
520,100,A
521,66.1,C
522,90.7,A
523,63.3,C
524,100,A
525,63.5,C
526,79.1,B
527,63.9,C
528,88.2,A
529,79.1,B
530,70.6,B
531,99.3,A
532,55.1,C
533,81.3,B
534,43,D
535,89,A
536,78.5,B
537,77.6,B
538,92,A
539,100,A
540,73.2,B
541,96.5,A
542,62.1,C
543,86.1,A
544,100,A
545,37.8,F
546,65.3,C
547,79.8,B
548,100,A
549,89.2,A
550,79.8,B
551,100,A
552,87,A
553,98.9,A
554,98.6,A
555,100,A
556,86.5,A
557,76.3,B
558,82.8,B
559,100,A
560,100,A
561,100,A
562,100,A
563,72.2,B
564,87.8,A
565,100,A
566,100,A
567,63.1,C
568,61.8,C
569,58.9,C
570,76.3,B
571,100,A
572,100,A
573,99.4,A
574,89,A
575,83.8,B
576,61.9,C
577,80.1,B
578,95.8,A
579,58.1,C
580,100,A
581,86,A
582,86.8,A
583,100,A
584,100,A
585,99.9,A
586,84.2,B
587,80.9,B
588,72,B
589,100,A
590,65.3,C
591,93.7,A
592,67.8,C
593,91.3,A
594,84.9,B
595,99.3,A
596,67.3,C
597,99.9,A
598,74.1,B
599,100,A
600,91.4,A
601,89.6,A
602,76.3,B
603,100,A
604,100,A
605,100,A
606,100,A
607,77.4,B
608,52.3,D
609,51.9,D
610,100,A
611,100,A
612,74.7,B
613,99.1,A
614,70.6,B
615,100,A
616,97.6,A
617,96.7,A
618,100,A
619,98.9,A
620,93.2,A
621,73.6,B
622,89.7,A
623,100,A
624,100,A
625,100,A
626,91.1,A
627,71.1,B
628,69.3,C
629,80.9,B
630,100,A
631,66.2,C
632,100,A
633,89.4,A
634,78.3,B
635,67.3,C
636,69.2,C
637,100,A
638,89.9,A
639,49.8,D
640,82.7,B
641,82.1,B
642,100,A
643,94.7,A
644,65.7,C
645,74,B
646,83.8,B
647,44.5,D
648,90,A
649,86.9,A
650,93.6,A
651,100,A
652,100,A
653,75.9,B
654,78.6,B
655,100,A
656,97.4,A
657,94.8,A
658,93.2,A
659,92.2,A
660,75.2,B
661,73.4,B
662,81,B
663,98.8,A
664,86.1,A
665,84.2,B
666,78.1,B
667,84.4,B
668,100,A
669,34.5,F
670,100,A
671,97.7,A
672,51.8,D
673,81.9,B
674,87.5,A
675,70.5,B
676,76.2,B
677,74.6,B
678,100,A
679,100,A
680,100,A
681,100,A
682,83.2,B
683,94.8,A
684,100,A
685,51.6,D
686,100,A
687,95.1,A
688,76.5,B
689,100,A
690,100,A
691,68.5,C
692,100,A
693,66.7,C
694,96.8,A
695,100,A
696,100,A
697,100,A
698,70.2,B
699,100,A
700,71.1,B
701,75.4,B
702,96.1,A
703,87,A
704,62.9,C
705,71.4,B
706,100,A
707,75.6,B
708,100,A
709,50.5,D
710,100,A
711,77.2,B
712,93.7,A
713,61.4,C
714,98.9,A
715,89.5,A
716,100,A
717,100,A
718,97.3,A
719,78.4,B
720,81.8,B
721,87.4,A
722,46.6,D
723,71.2,B
724,100,A
725,86.1,A
726,99.6,A
727,100,A
728,83.7,B
729,81,B
730,80.7,B
731,80.7,B
732,81.6,B
733,80.8,B
734,48.3,D
735,99.5,A
736,98.8,A
737,74.4,B
738,100,A
739,100,A
740,93.4,A
741,67,C
742,92.3,A
743,82.2,B
744,77.4,B
745,97.9,A
746,84,B
747,85.2,A
748,76.2,B
749,70.9,B
750,62.5,C
751,77.6,B
752,76,B
753,84.5,B
754,100,A
755,83,B
756,100,A
757,94.7,A
758,91.8,A
759,62,C
760,100,A
761,72.6,B
762,98.1,A
763,100,A
764,97.8,A
765,100,A
766,67.8,C
767,85,A
768,100,A
769,77.6,B
770,100,A
771,100,A
772,78.9,B
773,100,A
774,88.1,A
775,85.6,A
776,74.8,B
777,70.7,B
778,71.3,B
779,100,A
780,100,A
781,86.9,A
782,80.2,B
783,98.3,A
784,100,A
785,79.8,B
786,100,A
787,100,A
788,93.4,A
789,88.4,A
790,58,C
791,100,A
792,93.5,A
793,95.4,A
794,74.6,B
795,73.7,B
796,100,A
797,97.2,A
798,80.1,B
799,90.1,A
800,100,A
801,89.3,A
802,80.6,B
803,100,A
804,68.5,C
805,75.6,B
806,100,A
807,97.5,A
808,84.5,B
809,93.9,A
810,74.1,B
811,77.1,B
812,74.8,B
813,100,A
814,96.1,A
815,100,A
816,51.4,D
817,80.3,B
818,100,A
819,88.4,A
820,100,A
821,75.3,B
822,100,A
823,100,A
824,75.1,B
825,75.5,B
826,100,A
827,100,A
828,62.2,C
829,71.6,B
830,97.3,A
831,60.5,C
832,65.2,C
833,71.7,B
834,77.6,B
835,100,A
836,100,A
837,100,A
838,100,A
839,100,A
840,77.3,B
841,68.3,C
842,90.1,A
843,64.4,C
844,92.2,A
845,70.5,B
846,100,A
847,80.5,B
848,100,A
849,80,B
850,76.3,B
851,86.8,A
852,90.2,A
853,71.2,B
854,94.4,A
855,100,A
856,89.9,A
857,62,C
858,77,B
859,88.8,A
860,100,A
861,90.8,A
862,55.3,C
863,100,A
864,100,A
865,65.7,C
866,86.3,A
867,87.1,A
868,96,A
869,100,A
870,100,A
871,90.2,A
872,95.8,A
873,58.9,C
874,61.4,C
875,65,C
876,100,A
877,58.1,C
878,99.1,A
879,96.2,A
880,100,A
881,100,A
882,63.2,C
883,65.5,C
884,100,A
885,90.1,A
886,100,A
887,85,A
888,100,A
889,88.6,A
890,90.3,A
891,100,A
892,100,A
893,100,A
894,100,A
895,92.6,A
896,94.2,A
897,70.1,B
898,90.2,A
899,100,A
900,76.5,B
901,100,A
902,73.3,B
903,86.1,A
904,100,A
905,77.9,B
906,97.9,A
907,79.2,B
908,100,A
909,82.8,B
910,100,A
911,90.3,A
912,100,A
913,89.6,A
914,100,A
915,89.4,A
916,100,A
917,96.3,A
918,79.3,B
919,85.6,A
920,80.4,B
921,100,A
922,66.2,C
923,87.9,A
924,69.3,C
925,98.9,A
926,65.2,C
927,77.1,B
928,88.5,A
929,100,A
930,85.1,A
931,86.6,A
932,100,A
933,54.9,D
934,51.7,D
935,91.9,A
936,72.2,B
937,59.6,C
938,100,A
939,97.6,A
940,92.1,A
941,53.3,D
942,100,A
943,100,A
944,80,B
945,100,A
946,73.3,B
947,64.4,C
948,71.1,B
949,90.8,A
950,77.4,B
951,87.1,A
952,88.1,A
953,62.4,C
954,100,A
955,87.6,A
956,100,A
957,98.9,A
958,99.1,A
959,88.2,A
960,94.7,A
961,100,A
962,100,A
963,80.7,B
964,100,A
965,95.9,A
966,100,A
967,44.7,D
968,100,A
969,91.3,A
970,59.9,C
971,100,A
972,82.3,B
973,85.5,A
974,67.9,C
975,62.4,C
976,60.3,C
977,74.4,B
978,35.8,F
979,58.1,C
980,95.8,A
981,98.3,A
982,100,A
983,63.8,C
984,95.2,A
985,92.5,A
986,68.2,C
987,100,A
988,100,A
989,91.6,A
990,81.7,B
991,98.9,A
992,61.8,C
993,81.7,B
994,76.8,B
995,66.2,C
996,78.1,B
997,100,A
998,91.7,A
999,80.7,B
1000,77.2,B
1001,100,A
1002,96.3,A
1003,90.3,A
1004,77.5,B
1005,100,A
1006,95.1,A
1007,100,A
1008,97.6,A
1009,100,A
1010,84.2,B
1011,100,A
1012,94.5,A
1013,100,A
1014,71.7,B
1015,100,A
1016,100,A
1017,66.1,C
1018,64.1,C
1019,71.2,B
1020,100,A
1021,84.7,B
1022,96.1,A
1023,86.1,A
1024,100,A
1025,100,A
1026,96.4,A
1027,100,A
1028,100,A
1029,98.3,A
1030,63.5,C
1031,74.7,B
1032,61.4,C
1033,93.1,A
1034,100,A
1035,81.2,B
1036,100,A
1037,74.2,B
1038,65.2,C
1039,71.2,B
1040,100,A
1041,100,A
1042,79.4,B
1043,100,A
1044,100,A
1045,87.7,A
1046,100,A
1047,100,A
1048,54.5,D
1049,100,A
1050,100,A
1051,77.3,B
1052,96.8,A
1053,98.7,A
1054,91.5,A
1055,85.2,A
1056,70.7,B
1057,65.2,C
1058,100,A
1059,100,A
1060,80.2,B
1061,90,A
1062,58.7,C
1063,100,A
1064,50.2,D
1065,95.7,A
1066,75.7,B
1067,68.9,C
1068,100,A
1069,74.5,B
1070,76.8,B
1071,93.2,A
1072,90.7,A
1073,85.1,A
1074,71.5,B
1075,91.5,A
1076,81,B
1077,53.6,D
1078,79.1,B
1079,100,A
1080,99.2,A
1081,90.5,A
1082,74.6,B
1083,78.1,B
1084,100,A
1085,93,A
1086,96.6,A
1087,100,A
1088,93.1,A
1089,89.9,A
1090,65.8,C
1091,99.4,A
1092,99.4,A
1093,86.3,A
1094,86.1,A
1095,93.9,A
1096,82.3,B
1097,86.4,A
1098,50.4,D
1099,100,A
1100,100,A
1101,100,A
1102,60.7,C
1103,100,A
1104,78.9,B
1105,100,A
1106,73.3,B
1107,83.2,B
1108,71.2,B
1109,88.7,A
1110,100,A
1111,91.6,A
1112,97.3,A
1113,100,A
1114,100,A
1115,98.2,A
1116,77.7,B
1117,100,A
1118,84.5,B
1119,88.4,A
1120,100,A
1121,100,A
1122,100,A
1123,95.5,A
1124,58.2,C
1125,98,A
1126,78.1,B
1127,100,A
1128,89.7,A
1129,98,A
1130,100,A
1131,93.7,A
1132,100,A
1133,100,A
1134,62.8,C
1135,100,A
1136,100,A
1137,100,A
1138,60.3,C
1139,100,A
1140,100,A
1141,79.3,B
1142,100,A
1143,66.3,C
1144,88.4,A
1145,76.2,B
1146,92.3,A
1147,73.9,B
1148,49.4,D
1149,100,A
1150,70,B
1151,66.4,C
1152,53.6,D
1153,76.2,B
1154,62.4,C
1155,100,A
1156,100,A
1157,82.1,B
1158,100,A
1159,95,A
1160,68.2,C
1161,49.9,D
1162,100,A
1163,68.6,C
1164,43.9,D
1165,100,A
1166,100,A
1167,100,A
1168,95.4,A
1169,100,A
1170,96.9,A
1171,82.4,B
1172,89.8,A
1173,83.8,B
1174,69.9,C
1175,82.4,B
1176,79.3,B
1177,69.3,C
1178,98.7,A
1179,81.5,B
1180,56.9,C
1181,90.4,A
1182,100,A
1183,100,A
1184,64.1,C
1185,92.4,A
1186,100,A
1187,72.4,B
1188,86.6,A
1189,100,A
1190,62.4,C
1191,89.9,A
1192,72.8,B
1193,82.4,B
1194,100,A
1195,47.6,D
1196,100,A
1197,75,B
1198,91.3,A
1199,99.5,A
1200,100,A
1201,89.8,A
1202,69.1,C
1203,98.7,A
1204,99.9,A
1205,87.3,A
1206,100,A
1207,88.5,A
1208,85.1,A
1209,64.1,C
1210,100,A
1211,52.7,D
1212,81.4,B
1213,69.5,C
1214,100,A
1215,73.7,B
1216,97.6,A
1217,86.5,A
1218,87.5,A
1219,82.7,B
1220,100,A
1221,62.5,C
1222,94.1,A
1223,100,A
1224,82.7,B
1225,78.3,B
1226,75.7,B
1227,99.9,A
1228,83.5,B
1229,100,A
1230,100,A
1231,76.7,B
1232,48.5,D
1233,78.9,B
1234,100,A
1235,83,B
1236,98.8,A
1237,100,A
1238,66.1,C
1239,100,A
1240,100,A
1241,82.3,B
1242,87.4,A
1243,71.1,B
1244,67,C
1245,73.1,B
1246,68.1,C
1247,86.5,A
1248,79.1,B
1249,79.2,B
1250,50.5,D
1251,100,A
1252,100,A
1253,60.3,C
1254,99.5,A
1255,96.5,A
1256,54.7,D
1257,100,A
1258,77.7,B
1259,75,B
1260,75.5,B
1261,91.5,A
1262,97.3,A
1263,93.9,A
1264,64.3,C
1265,72,B
1266,65.5,C
1267,78.4,B
1268,65.2,C
1269,71.3,B
1270,100,A
1271,100,A
1272,91.9,A
1273,79.2,B
1274,82.1,B
1275,100,A
1276,98.5,A
1277,100,A
1278,93,A
1279,81.2,B
1280,71.3,B
1281,79,B
1282,91.8,A
1283,95.8,A
1284,100,A
1285,77,B
1286,68.5,C
1287,58.7,C
1288,95.5,A
1289,66.1,C
1290,51.7,D
1291,94.8,A
1292,100,A
1293,81.2,B
1294,100,A
1295,97.4,A
1296,72.3,B
1297,98.7,A
1298,75.1,B
1299,87.3,A
1300,88.1,A
1301,68.9,C
1302,100,A
1303,74.1,B
1304,80.1,B
1305,85.7,A
1306,65.8,C
1307,84.8,B
1308,93,A
1309,100,A
1310,95.3,A
1311,93.3,A
1312,91.6,A
1313,100,A
1314,100,A
1315,83.4,B
1316,59.8,C
1317,76.7,B
1318,86,A
1319,69.5,C
1320,98.7,A
1321,89.6,A
1322,95.3,A
1323,81.8,B
1324,100,A
1325,86.5,A
1326,40.6,D
1327,68,C
1328,88,A
1329,77.6,B
1330,100,A
1331,100,A
1332,100,A
1333,97.1,A
1334,100,A
1335,83.9,B
1336,95.1,A
1337,82.3,B
1338,91,A
1339,70.1,B
1340,94.2,A
1341,97.5,A
1342,88.7,A
1343,100,A
1344,100,A
1345,100,A
1346,55.4,C
1347,43.6,D
1348,87.5,A
1349,57.2,C
1350,94.3,A
1351,62.2,C
1352,47.4,D
1353,100,A
1354,80.3,B
1355,72.9,B
1356,60.7,C
1357,88.6,A
1358,82.9,B
1359,61.4,C
1360,80.3,B
1361,74.3,B
1362,98.8,A
1363,80.6,B
1364,40.1,D
1365,100,A
1366,100,A
1367,78.5,B
1368,63.9,C
1369,89.9,A
1370,64.2,C
1371,81.9,B
1372,100,A
1373,65.2,C
1374,54.6,D
1375,100,A
1376,66.2,C
1377,85.9,A
1378,95.6,A
1379,76.8,B
1380,100,A
1381,94.4,A
1382,98.7,A
1383,100,A
1384,61.6,C
1385,100,A
1386,94.1,A
1387,100,A
1388,100,A
1389,82.9,B
1390,63.3,C
1391,93,A
1392,68.4,C
1393,100,A
1394,100,A
1395,63.5,C
1396,91.8,A
1397,53.1,D
1398,53.4,D
1399,95.6,A
1400,80.9,B
1401,56.7,C
1402,87.5,A
1403,100,A
1404,100,A
1405,100,A
1406,52.9,D
1407,67.4,C
1408,100,A
1409,76.7,B
1410,60.9,C
1411,100,A
1412,99.5,A
1413,100,A
1414,100,A
1415,76.2,B
1416,100,A
1417,89.4,A
1418,90.4,A
1419,100,A
1420,91.9,A
1421,100,A
1422,100,A
1423,74.9,B
1424,46.7,D
1425,66,C
1426,50.3,D
1427,100,A
1428,55.8,C
1429,84.8,B
1430,88.4,A
1431,96.4,A
1432,100,A
1433,94.8,A
1434,77.5,B
1435,79.2,B
1436,93.1,A
1437,100,A
1438,100,A
1439,70.5,B
1440,95.8,A
1441,97,A
1442,100,A
1443,88.2,A
1444,80.6,B
1445,93,A
1446,50.3,D
1447,84.8,B
1448,100,A
1449,92.5,A
1450,86.2,A
1451,84.5,B
1452,93.9,A
1453,88.9,A
1454,100,A
1455,100,A
1456,44.8,D
1457,100,A
1458,92.2,A
1459,100,A
1460,100,A
1461,93.4,A
1462,66.5,C
1463,83.1,B
1464,66.8,C
1465,89.2,A
1466,94,A
1467,100,A
1468,90.5,A
1469,63.5,C
1470,93.4,A
1471,87.3,A
1472,89.9,A
1473,86.6,A
1474,88,A
1475,63.3,C
1476,98.9,A
1477,87,A
1478,78.6,B
1479,78.2,B
1480,84,B
1481,88.7,A
1482,92.6,A
1483,100,A
1484,79.3,B
1485,92.6,A
1486,100,A
1487,54.4,D
1488,56.1,C
1489,54.7,D
1490,100,A
1491,100,A
1492,100,A
1493,78.5,B
1494,75.6,B
1495,100,A
1496,100,A
1497,100,A
1498,100,A
1499,100,A
1500,95.2,A
1501,100,A
1502,80.1,B
1503,77.7,B
1504,98.3,A
1505,73.8,B
1506,50.6,D
1507,100,A
1508,100,A
1509,100,A
1510,100,A
1511,58.1,C
1512,75.6,B
1513,67.7,C
1514,70.1,B
1515,98.3,A
1516,85.3,A
1517,93.4,A
1518,92.2,A
1519,77.8,B
1520,100,A
1521,100,A
1522,98.6,A
1523,96.9,A
1524,75.4,B
1525,81.8,B
1526,100,A
1527,100,A
1528,100,A
1529,76.9,B
1530,62.9,C
1531,94,A
1532,49.2,D
1533,89.7,A
1534,91.8,A
1535,89.8,A
1536,55.6,C
1537,98.7,A
1538,79.7,B
1539,55.9,C
1540,34.7,F
1541,100,A
1542,100,A
1543,100,A
1544,91.8,A
1545,89.2,A
1546,97.3,A
1547,68.9,C
1548,90.9,A
1549,96.1,A
1550,100,A
1551,79,B
1552,87.7,A
1553,64.1,C
1554,74.7,B
1555,95.3,A
1556,93.4,A
1557,100,A
1558,77.8,B
1559,100,A
1560,92.5,A
1561,72.3,B
1562,65,C
1563,46.6,D
1564,100,A
1565,99.2,A
1566,70.4,B
1567,89.6,A
1568,93,A
1569,63.4,C
1570,93.2,A
1571,95.4,A
1572,78.6,B
1573,88.8,A
1574,63.2,C
1575,88.9,A
1576,95.4,A
1577,48.8,D
1578,90.8,A
1579,76.3,B
1580,77.2,B
1581,94.9,A
1582,77.5,B
1583,78.6,B
1584,95.8,A
1585,100,A
1586,93.5,A
1587,84.5,B
1588,82.6,B
1589,71.5,B
1590,93.1,A
1591,80.2,B
1592,66,C
1593,100,A
1594,100,A
1595,57.5,C
1596,49,D
1597,87.5,A
1598,100,A
1599,100,A
1600,66.3,C
1601,63.6,C
1602,100,A
1603,79.8,B
1604,80.7,B
1605,79.8,B
1606,50.1,D
1607,78.4,B
1608,100,A
1609,96.1,A
1610,74,B
1611,84.9,B
1612,75.9,B
1613,100,A
1614,98.6,A
1615,70.2,B
1616,100,A
1617,92.4,A
1618,87.9,A
1619,64.3,C
1620,100,A
1621,98.7,A
1622,80.3,B
1623,100,A
1624,82.4,B
1625,100,A
1626,87.9,A
1627,78,B
1628,100,A
1629,84.2,B
1630,93.6,A
1631,95.8,A
1632,87,A
1633,63.9,C
1634,93.1,A
1635,89.8,A
1636,96.2,A
1637,62.8,C
1638,95.4,A
1639,100,A
1640,74.1,B
1641,100,A
1642,100,A
1643,81.9,B
1644,100,A
1645,78.2,B
1646,73.4,B
1647,78,B
1648,100,A
1649,100,A
1650,100,A
1651,100,A
1652,100,A
1653,85.8,A
1654,98.1,A
1655,96.9,A
1656,84.3,B
1657,100,A
1658,99.8,A
1659,69.8,C
1660,100,A
1661,100,A
1662,82.6,B
1663,62.6,C
1664,85.9,A
1665,100,A
1666,85.6,A
1667,82.8,B
1668,53.6,D
1669,100,A
1670,89.9,A
1671,98.3,A
1672,83.9,B
1673,71.7,B
1674,61.4,C
1675,100,A
1676,95.8,A
1677,100,A
1678,100,A
1679,100,A
1680,85.4,A
1681,99.5,A
1682,100,A
1683,50.4,D
1684,95.4,A
1685,73.6,B
1686,100,A
1687,85.8,A
1688,85.3,A
1689,97.8,A
1690,77.4,B
1691,81.3,B
1692,72.3,B
1693,83.8,B
1694,74.8,B
1695,100,A
1696,100,A
1697,60.5,C
1698,78.6,B
1699,98.8,A
1700,100,A
1701,100,A
1702,100,A
1703,100,A
1704,96.8,A
1705,95.4,A
1706,75.8,B
1707,100,A
1708,100,A
1709,76.3,B
1710,63.1,C
1711,100,A
1712,79.8,B
1713,53.8,D
1714,100,A
1715,85.2,A
1716,87,A
1717,91,A
1718,89.7,A
1719,99.4,A
1720,87.3,A
1721,97.1,A
1722,87.7,A
1723,100,A
1724,100,A
1725,86.8,A
1726,98.3,A
1727,91,A
1728,99.9,A
1729,92.6,A
1730,100,A
1731,87.7,A
1732,82.4,B
1733,92.5,A
1734,90.2,A
1735,96.1,A
1736,57.1,C
1737,65.2,C
1738,74.1,B
1739,100,A
1740,100,A
1741,94.7,A
1742,68.8,C
1743,83.1,B
1744,96.1,A
1745,63,C
1746,91.6,A
1747,100,A
1748,87,A
1749,91.5,A
1750,99.2,A
1751,60.7,C
1752,100,A
1753,87.8,A
1754,52.6,D
1755,81.3,B
1756,100,A
1757,100,A
1758,97.4,A
1759,100,A
1760,100,A
1761,100,A
1762,100,A
1763,97.8,A
1764,49.3,D
1765,93.1,A
1766,44.6,D
1767,100,A
1768,96.9,A
1769,100,A
1770,100,A
1771,89,A
1772,100,A
1773,73.5,B
1774,76.9,B
1775,65.5,C
1776,58.8,C
1777,80.2,B
1778,84.3,B
1779,64.5,C
1780,66.3,C
1781,56,C
1782,79.5,B
1783,40.7,D
1784,73.2,B
1785,83.1,B
1786,63,C
1787,82.9,B
1788,76.4,B
1789,98.8,A
1790,100,A
1791,65.2,C
1792,71,B
1793,92.8,A
1794,100,A
1795,97.8,A
1796,53.1,D
1797,83.7,B
1798,79.4,B
1799,94.7,A
1800,90.5,A
1801,100,A
1802,88.4,A
1803,61.9,C
1804,61.3,C
1805,60.9,C
1806,57.8,C
1807,99.1,A
1808,93.9,A
1809,65.6,C
1810,95.5,A
1811,78.7,B
1812,100,A
1813,100,A
1814,100,A
1815,96.6,A
1816,76.9,B
1817,36.6,F
1818,87.1,A
1819,89.1,A
1820,77.6,B
1821,88.1,A
1822,86.5,A
1823,91.3,A
1824,74.6,B
1825,85.4,A
1826,100,A
1827,85.7,A
1828,100,A
1829,81.4,B
1830,86.3,A
1831,88.7,A
1832,88.8,A
1833,99.2,A
1834,100,A
1835,90.3,A
1836,100,A
1837,62.5,C
1838,100,A
1839,72.7,B
1840,77.2,B
1841,87.2,A
1842,55.9,C
1843,77.5,B
1844,96.1,A
1845,94.3,A
1846,71.7,B
1847,100,A
1848,74.1,B
1849,100,A
1850,100,A
1851,79,B
1852,100,A
1853,63,C
1854,100,A
1855,100,A
1856,73.4,B
1857,100,A
1858,99.1,A
1859,98.7,A
1860,98,A
1861,89.4,A
1862,100,A
1863,100,A
1864,71.7,B
1865,100,A
1866,79.5,B
1867,96.4,A
1868,100,A
1869,75,B
1870,100,A
1871,66.4,C
1872,73.8,B
1873,77,B
1874,100,A
1875,100,A
1876,100,A
1877,71.7,B
1878,78.5,B
1879,89.1,A
1880,71.6,B
1881,96.4,A
1882,100,A
1883,63.2,C
1884,57.2,C
1885,88,A
1886,90.5,A
1887,74.3,B
1888,86.1,A
1889,86.1,A
1890,88.6,A
1891,89,A
1892,100,A
1893,67.3,C
1894,79.2,B
1895,97.2,A
1896,82.9,B
1897,69.6,C
1898,100,A
1899,100,A
1900,81.9,B
1901,100,A
1902,95.5,A
1903,97.5,A
1904,77.8,B
1905,99,A
1906,87.4,A
1907,59.3,C
1908,86.8,A
1909,63.8,C
1910,100,A
1911,100,A
1912,100,A
1913,100,A
1914,100,A
1915,42.2,D
1916,84.9,B
1917,66,C
1918,63.8,C
1919,76.1,B
1920,84.8,B
1921,62.5,C
1922,88.8,A
1923,88.8,A
1924,73.8,B
1925,100,A
1926,82.4,B
1927,59.2,C
1928,76.7,B
1929,99.5,A
1930,100,A
1931,69.9,C
1932,93.4,A
1933,60.1,C
1934,76.4,B
1935,100,A
1936,74.1,B
1937,100,A
1938,94.8,A
1939,100,A
1940,92.9,A
1941,100,A
1942,71,B
1943,98.6,A
1944,67.5,C
1945,84.3,B
1946,66.4,C
1947,92.2,A
1948,95.7,A
1949,100,A
1950,68.6,C
1951,54.9,D
1952,100,A
1953,62.9,C
1954,66.3,C
1955,73,B
1956,100,A
1957,54.9,D
1958,100,A
1959,100,A
1960,87.5,A
1961,75.6,B
1962,92.9,A
1963,76,B
1964,100,A
1965,87.2,A
1966,95.9,A
1967,80,B
1968,70,B
1969,93.3,A
1970,100,A
1971,100,A
1972,51.4,D
1973,94.5,A
1974,97.2,A
1975,81.7,B
1976,62.5,C
1977,100,A
1978,90,A
1979,67.5,C
1980,100,A
1981,45.7,D
1982,44.4,D
1983,71,B
1984,100,A
1985,100,A
1986,100,A
1987,100,A
1988,100,A
1989,71.4,B
1990,90.6,A
1991,99.1,A
1992,100,A
1993,100,A
1994,100,A
1995,100,A
1996,100,A
1997,75,B
1998,51.5,D
1999,85.6,A
2000,83.9,B
2001,59.8,C
2002,93.9,A
2003,64.3,C
2004,81.4,B
2005,51.2,D
2006,72.4,B
2007,76.2,B
2008,65.8,C
2009,99.1,A
2010,100,A
2011,45.1,D
2012,78.9,B
2013,62.5,C
2014,53.7,D
2015,85.9,A
2016,79.8,B
2017,81.4,B
2018,45.4,D
2019,100,A
2020,61.9,C
2021,84.1,B
2022,93.6,A
2023,100,A
2024,66.4,C
2025,52.5,D
2026,94,A
2027,100,A
2028,100,A
2029,98.1,A
2030,61.1,C
2031,100,A
2032,58,C
2033,98.9,A
2034,72.8,B
2035,91.3,A
2036,100,A
2037,90.1,A
2038,74.4,B
2039,91.2,A
2040,67.3,C
2041,67.3,C
2042,67,C
2043,75.6,B
2044,74.5,B
2045,79.9,B
2046,100,A
2047,94.1,A
2048,85,A
2049,79.1,B
2050,94.7,A
2051,100,A
2052,73.4,B
2053,82.2,B
2054,76.2,B
2055,64.1,C
2056,63.3,C
2057,81.5,B
2058,83.2,B
2059,83.6,B
2060,95.6,A
2061,100,A
2062,79.6,B
2063,89.1,A
2064,93.4,A
2065,92.5,A
2066,77.1,B
2067,50.2,D
2068,82.5,B
2069,100,A
2070,98.9,A
2071,100,A
2072,100,A
2073,73.9,B
2074,95.4,A
2075,75.7,B
2076,87,A
2077,100,A
2078,100,A
2079,97.5,A
2080,69.6,C
2081,100,A
2082,100,A
2083,87.6,A
2084,51.2,D
2085,65.3,C
2086,69.2,C
2087,63.1,C
2088,71.5,B
2089,77.2,B
2090,87.9,A
2091,95.7,A
2092,100,A
2093,100,A
2094,78.4,B
2095,96.5,A
2096,86,A
2097,100,A
2098,60.6,C
2099,64.5,C
2100,99.1,A
2101,100,A
2102,64.3,C
2103,63.4,C
2104,100,A
2105,76.9,B
2106,100,A
2107,85.1,A
2108,100,A
2109,79.5,B
2110,83,B
2111,89.6,A
2112,84.3,B
2113,93.6,A
2114,76.9,B
2115,100,A
2116,100,A
2117,87.6,A
2118,76.7,B
2119,14.6,F
2120,91.3,A
2121,100,A
2122,100,A
2123,65.2,C
2124,80.3,B
2125,88.3,A
2126,100,A
2127,73.3,B
2128,100,A
2129,100,A
2130,92.6,A
2131,100,A
2132,98.2,A
2133,95.8,A
2134,98.9,A
2135,89.6,A
2136,83.4,B
2137,95.4,A
2138,100,A
2139,69.2,C
2140,68.1,C
2141,92.6,A
2142,82.7,B
2143,78.5,B
2144,79.5,B
2145,85,A
2146,100,A
2147,55.2,C
2148,77.3,B
2149,79.6,B
2150,46.1,D
2151,90.6,A
2152,100,A
2153,87.5,A
2154,90.3,A
2155,62.9,C
2156,74.4,B
2157,87.9,A
2158,83.4,B
2159,100,A
2160,100,A
2161,59,C
2162,100,A
2163,92.5,A
2164,93.8,A
2165,100,A
2166,75,B
2167,55.1,C
2168,85.7,A
2169,72.3,B
2170,93.3,A
2171,100,A
2172,75.9,B
2173,88.8,A
2174,99.1,A
2175,57.4,C
2176,100,A
2177,63,C
2178,93.2,A
2179,100,A
2180,88.9,A
2181,86.8,A
2182,84.8,B
2183,80.2,B
2184,100,A
2185,50.4,D
2186,100,A
2187,65.3,C
2188,96,A
2189,72.6,B
2190,94.7,A
2191,45.2,D
2192,92.4,A
2193,100,A
2194,61.9,C
2195,72.5,B
2196,62.7,C
2197,93.8,A
2198,77.2,B
2199,69.5,C
2200,100,A
2201,99.2,A
2202,91.2,A
2203,100,A
2204,71.9,B
2205,55.2,C
2206,100,A
2207,100,A
2208,81.8,B
2209,93.3,A
2210,85.1,A
2211,82.9,B
2212,100,A
2213,89.7,A
2214,82.2,B
2215,67,C
2216,92,A
2217,83.5,B
2218,91.4,A
2219,100,A
2220,77.4,B
2221,94.2,A
2222,76.7,B
2223,95.9,A
2224,74.7,B
2225,73.8,B
2226,97.7,A
2227,100,A
2228,91.1,A
2229,65.2,C
2230,99.5,A
2231,75.9,B
2232,94.6,A
2233,65.2,C
2234,99.5,A
2235,67.5,C
2236,100,A
2237,86.4,A
2238,73.9,B
2239,86.1,A
2240,95.4,A
2241,78.6,B
2242,100,A
2243,100,A
2244,64.8,C
2245,100,A
2246,89.1,A
2247,79.8,B
2248,42.3,D
2249,67.3,C
2250,100,A
2251,68.8,C
2252,99.4,A
2253,66.3,C
2254,85.6,A
2255,80.8,B
2256,100,A
2257,100,A
2258,76.6,B
2259,34.9,F
2260,77.9,B
2261,82.4,B
2262,82,B
2263,100,A
2264,55.3,C
2265,85.8,A
2266,100,A
2267,63.7,C
2268,88.3,A
2269,90.4,A
2270,89.8,A
2271,100,A
2272,90.1,A
2273,68.5,C
2274,87.4,A
2275,86.4,A
2276,56.5,C
2277,88.6,A
2278,87,A
2279,100,A
2280,100,A
2281,58.5,C
2282,72.3,B
2283,93.5,A
2284,83.9,B
2285,70.8,B
2286,100,A
2287,98.8,A
2288,100,A
2289,85.5,A
2290,100,A
2291,100,A
2292,100,A
2293,97.1,A
2294,89.1,A
2295,81.9,B
2296,93.9,A
2297,98.3,A
2298,100,A
2299,100,A
2300,35.2,F
2301,100,A
2302,77,B
2303,76.9,B
2304,86,A
2305,100,A
2306,100,A
2307,92.6,A
2308,74.3,B
2309,91.8,A
2310,96.7,A
2311,77.5,B
2312,100,A
2313,100,A
2314,100,A
2315,100,A
2316,99.7,A
2317,97.6,A
2318,80.1,B
2319,88.4,A
2320,66.3,C
2321,100,A
2322,100,A
2323,100,A
2324,97.2,A
2325,100,A
2326,100,A
2327,69.8,C
2328,73.9,B
2329,100,A
2330,100,A
2331,89.9,A
2332,89.8,A
2333,66.9,C
2334,90,A
2335,98.7,A
2336,94.9,A
2337,85.2,A
2338,90.5,A
2339,96.5,A
2340,84.3,B
2341,95.8,A
2342,85.4,A
2343,98.8,A
2344,91.8,A
2345,24.3,F
2346,100,A
2347,65.9,C
2348,69.6,C
2349,100,A
2350,85.8,A
2351,100,A
2352,98.9,A
2353,100,A
2354,83.6,B
2355,100,A
2356,81.7,B
2357,80.4,B
2358,100,A
2359,61.8,C
2360,100,A
2361,78.7,B
2362,66.4,C
2363,63.9,C
2364,100,A
2365,54.7,D
2366,100,A
2367,63.4,C
2368,53.2,D
2369,74.1,B
2370,100,A
2371,91.2,A
2372,77.5,B
2373,89.1,A
2374,100,A
2375,100,A
2376,100,A
2377,97.1,A
2378,60.5,C
2379,82.6,B
2380,93.4,A
2381,73.6,B
2382,80.8,B
2383,74.2,B
2384,77.9,B
2385,98.8,A
2386,80.2,B
2387,80.4,B
2388,87.6,A
2389,100,A
2390,91.7,A
2391,46.2,D
2392,83.6,B
2393,54.9,D
2394,67.6,C
2395,86.6,A
2396,44,D
2397,71.4,B
2398,87.5,A
2399,100,A
2400,97.6,A
2401,75.4,B
2402,84.1,B
2403,83.3,B
2404,92.9,A
2405,100,A
2406,100,A
2407,63.3,C
2408,96.1,A
2409,94.3,A
2410,73.8,B
2411,96.9,A
2412,100,A
2413,57.7,C
2414,70.3,B
2415,100,A
2416,86.7,A
2417,96.8,A
2418,100,A
2419,100,A
2420,72.2,B
2421,99.8,A
2422,100,A
2423,87.2,A
2424,84.7,B
2425,56.1,C
2426,96.9,A
2427,100,A
2428,87.8,A
2429,100,A
2430,79.5,B
2431,99.5,A
2432,79.6,B
2433,94.9,A
2434,73.8,B
2435,88.1,A
2436,67.6,C
2437,100,A
2438,100,A
2439,84.7,B
2440,67.7,C
2441,100,A
2442,99.6,A
2443,53.9,D
2444,98.4,A
2445,81.2,B
2446,99.7,A
2447,100,A
2448,89.9,A
2449,87,A
2450,73.1,B
2451,61.1,C
2452,69.2,C
2453,83.2,B
2454,68.4,C
2455,100,A
2456,100,A
2457,62.6,C
2458,67.9,C
2459,97.5,A
2460,90.6,A
2461,72,B
2462,100,A
2463,100,A
2464,77.2,B
2465,100,A
2466,100,A
2467,73.5,B
2468,85,A
2469,75.2,B
2470,64,C
2471,100,A
2472,100,A
2473,81.5,B
2474,60.9,C
2475,76.5,B
2476,87.3,A
2477,74,B
2478,100,A
2479,74.9,B
2480,96.9,A
2481,88.5,A
2482,100,A
2483,100,A
2484,82,B
2485,81.2,B
2486,100,A
2487,95,A
2488,87.5,A
2489,95,A
2490,61.9,C
2491,78.3,B
2492,73.3,B
2493,94.1,A
2494,100,A
2495,72.9,B
2496,100,A
2497,97.9,A
2498,85.8,A
2499,100,A
2500,98,A
2501,100,A
2502,93.7,A
2503,81.1,B
2504,76.6,B
2505,61.7,C
2506,69.9,C
2507,100,A
2508,100,A
2509,71.4,B
2510,58.7,C
2511,100,A
2512,100,A
2513,81.5,B
2514,99.8,A
2515,70.3,B
2516,88.4,A
2517,100,A
2518,34.4,F
2519,81.7,B
2520,66.9,C
2521,100,A
2522,100,A
2523,92.9,A
2524,83.7,B
2525,100,A
2526,99,A
2527,100,A
2528,82.7,B
2529,100,A
2530,74.5,B
2531,98.3,A
2532,76,B
2533,87.2,A
2534,71,B
2535,84.1,B
2536,93.2,A
2537,100,A
2538,100,A
2539,63.7,C
2540,85.6,A
2541,79.9,B
2542,59.4,C
2543,83.2,B
2544,90.3,A
2545,100,A
2546,89.6,A
2547,49.3,D
2548,86.4,A
2549,100,A
2550,100,A
2551,66.1,C
2552,36,F
2553,100,A
2554,100,A
2555,74.3,B
2556,98.5,A
2557,48.9,D
2558,98,A
2559,95.4,A
2560,100,A
2561,65.7,C
2562,98.1,A
2563,87.8,A
2564,82.1,B
2565,59.2,C
2566,99.2,A
2567,55.2,C
2568,92.1,A
2569,89.2,A
2570,76.8,B
2571,100,A
2572,71.1,B
2573,92.4,A
2574,76.7,B
2575,100,A
2576,72.6,B
2577,100,A
2578,91,A
2579,90.2,A
2580,100,A
2581,100,A
2582,100,A
2583,79.5,B
2584,100,A
2585,100,A
2586,53.1,D
2587,52.5,D
2588,73.7,B
2589,81.5,B
2590,94.6,A
2591,100,A
2592,75.4,B
2593,100,A
2594,89.3,A
2595,100,A
2596,61.6,C
2597,82.2,B
2598,97.3,A
2599,100,A
2600,78.6,B
2601,56,C
2602,95.2,A
2603,88.4,A
2604,55.3,C
2605,67.7,C
2606,68.7,C
2607,68.5,C
2608,43.8,D
2609,100,A
2610,98.1,A
2611,88.6,A
2612,83.7,B
2613,94.6,A
2614,65,C
2615,84.3,B
2616,98.4,A
2617,66.5,C
2618,73.6,B
2619,100,A
2620,100,A
2621,76.5,B
2622,97.6,A
2623,86.9,A
2624,100,A
2625,90.3,A
2626,71,B
2627,100,A
2628,88,A
2629,73,B
2630,81.2,B
2631,89.9,A
2632,99.2,A
2633,81.8,B
2634,100,A
2635,100,A
2636,100,A
2637,87.7,A
2638,100,A
2639,74.9,B
2640,84.8,B
2641,100,A
2642,88.6,A
2643,59.1,C
2644,78.5,B
2645,64.9,C
2646,82.8,B
2647,61.1,C
2648,64.3,C
2649,92.1,A
2650,100,A
2651,71.3,B
2652,100,A
2653,92.3,A
2654,100,A
2655,64.5,C
2656,94.7,A
2657,47.3,D
2658,98.6,A
2659,78.6,B
2660,100,A
2661,73.3,B
2662,66.7,C
2663,100,A
2664,73,B
2665,92.9,A
2666,56.5,C
2667,94.3,A
2668,50.1,D
2669,100,A
2670,98.9,A
2671,82.1,B
2672,93.1,A
2673,78,B
2674,83.3,B
2675,62.8,C
2676,69,C
2677,90.5,A
2678,73.6,B
2679,92.5,A
2680,85.3,A
2681,100,A
2682,74.7,B
2683,90.1,A
2684,100,A
2685,89.9,A
2686,99.2,A
2687,88.1,A
2688,79.4,B
2689,100,A
2690,74.6,B
2691,76.9,B
2692,73.1,B
2693,81.2,B
2694,99.9,A
2695,100,A
2696,100,A
2697,100,A
2698,63.4,C
2699,100,A
2700,100,A
2701,96.4,A
2702,95,A
2703,100,A
2704,100,A
2705,100,A
2706,100,A
2707,97.8,A
2708,82.7,B
2709,66.6,C
2710,100,A
2711,84.1,B
2712,100,A
2713,93.7,A
2714,72.7,B
2715,100,A
2716,50,D
2717,100,A
2718,100,A
2719,90,A
2720,83,B
2721,100,A
2722,74.2,B
2723,67.9,C
2724,100,A
2725,100,A
2726,81.8,B
2727,99.7,A
2728,100,A
2729,80,B
2730,56.7,C
2731,100,A
2732,100,A
2733,100,A
2734,81,B
2735,100,A
2736,72.1,B
2737,82.1,B
2738,96.4,A
2739,100,A
2740,100,A
2741,100,A
2742,95,A
2743,81.9,B
2744,71.2,B
2745,55.4,C
2746,75.4,B
2747,83.2,B
2748,64.5,C
2749,96.1,A
2750,99.8,A
2751,100,A
2752,99.2,A
2753,91.2,A
2754,78.1,B
2755,86.3,A
2756,69.8,C
2757,97.5,A
2758,89,A
2759,66.1,C
2760,100,A
2761,94.1,A
2762,85.3,A
2763,96.2,A
2764,79.1,B
2765,84.7,B
2766,100,A
2767,87,A
2768,89.5,A
2769,88,A
2770,98.2,A
2771,86,A
2772,79.7,B
2773,73.3,B
2774,62.8,C
2775,76.9,B
2776,91,A
2777,85.3,A
2778,89.2,A
2779,95.8,A
2780,99.2,A
2781,92.2,A
2782,68.9,C
2783,89.3,A
2784,65.7,C
2785,72.2,B
2786,81.6,B
2787,75.6,B
2788,61.6,C
2789,87.4,A
2790,99,A
2791,100,A
2792,74,B
2793,92.7,A
2794,70,C
2795,68.7,C
2796,66.2,C
2797,99.3,A
2798,57,C
2799,84.5,B
2800,83.3,B
2801,86.7,A
2802,100,A
2803,90.4,A
2804,58.2,C
2805,86.5,A
2806,54.6,D
2807,100,A
2808,75.4,B
2809,92.4,A
2810,80.8,B
2811,86.4,A
2812,82.4,B
2813,100,A
2814,72.2,B
2815,100,A
2816,100,A
2817,96.7,A
2818,86.2,A
2819,98.2,A
2820,43.2,D
2821,84.4,B
2822,84.6,B
2823,97,A
2824,65.1,C
2825,86.1,A
2826,100,A
2827,100,A
2828,67,C
2829,93.7,A
2830,77.6,B
2831,44.8,D
2832,63.7,C
2833,100,A
2834,80.1,B
2835,88.8,A
2836,93,A
2837,100,A
2838,100,A
2839,100,A
2840,82.6,B
2841,100,A
2842,61.4,C
2843,100,A
2844,64.5,C
2845,100,A
2846,61.4,C
2847,91.4,A
2848,73.1,B
2849,89.3,A
2850,60.6,C
2851,84.3,B
2852,98.6,A
2853,71.6,B
2854,73.2,B
2855,100,A
2856,86.6,A
2857,64.5,C
2858,71.9,B
2859,93.5,A
2860,83.5,B
2861,79.8,B
2862,95.5,A
2863,47.7,D
2864,100,A
2865,85.5,A
2866,82.9,B
2867,71.7,B
2868,60.3,C
2869,91.3,A
2870,100,A
2871,76.7,B
2872,89.4,A
2873,50.8,D
2874,83.8,B
2875,73.8,B
2876,60.8,C
2877,73.8,B
2878,74.8,B
2879,73.5,B
2880,90.7,A
2881,51.1,D
2882,66,C
2883,74.6,B
2884,96,A
2885,68,C
2886,86.1,A
2887,78.1,B
2888,100,A
2889,87.4,A
2890,74.1,B
2891,90.3,A
2892,52.1,D
2893,100,A
2894,88.5,A
2895,98.7,A
2896,100,A
2897,51.7,D
2898,100,A
2899,64.6,C
2900,82.3,B
2901,69.4,C
2902,71.2,B
2903,76.2,B
2904,100,A
2905,45.8,D
2906,100,A
2907,71.7,B
2908,75.7,B
2909,84.3,B
2910,100,A
2911,86.3,A
2912,100,A
2913,86.9,A
2914,94.3,A
2915,100,A
2916,100,A
2917,76.6,B
2918,97.5,A
2919,87.7,A
2920,98.4,A
2921,79.9,B
2922,97.1,A
2923,79.8,B
2924,73.4,B
2925,88.3,A
2926,85.2,A
2927,75.7,B
2928,95.6,A
2929,100,A
2930,100,A
2931,100,A
2932,67.6,C
2933,61.6,C
2934,95.1,A
2935,100,A
2936,100,A
2937,85.3,A
2938,100,A
2939,65.4,C
2940,78.8,B
2941,100,A
2942,68.9,C
2943,86.3,A
2944,97.8,A
2945,96.7,A
2946,33.8,F
2947,81.5,B
2948,66.1,C
2949,71.9,B
2950,73,B
2951,93.4,A
2952,100,A
2953,90.9,A
2954,100,A
2955,73.5,B
2956,100,A
2957,100,A
2958,90.6,A
2959,100,A
2960,71.5,B
2961,81.1,B
2962,80.5,B
2963,78.7,B
2964,74,B
2965,100,A
2966,87.1,A
2967,91.4,A
2968,76,B
2969,67.5,C
2970,100,A
2971,57.9,C
2972,92.4,A
2973,63.9,C
2974,100,A
2975,96.6,A
2976,100,A
2977,100,A
2978,94.6,A
2979,96.8,A
2980,96.6,A
2981,79.9,B
2982,100,A
2983,100,A
2984,86.5,A
2985,61.2,C
2986,67.9,C
2987,74.5,B
2988,90.1,A
2989,77.5,B
2990,100,A
2991,100,A
2992,84.6,B
2993,88.5,A
2994,93.6,A
2995,71,B
2996,93.2,A
2997,90.2,A
2998,68.5,C
2999,83,B
3000,84.3,B
3001,60.2,C
3002,79.1,B
3003,85.3,A
3004,100,A
3005,91.6,A
3006,62.6,C
3007,97.5,A
3008,54.3,D
3009,100,A
3010,65.6,C
3011,81.4,B
3012,100,A
3013,78.1,B
3014,75.1,B
3015,78,B
3016,100,A
3017,68.3,C
3018,36.8,F
3019,70.5,B
3020,100,A
3021,100,A
3022,78.5,B
3023,75.7,B
3024,100,A
3025,55.9,C
3026,75.9,B
3027,86.7,A
3028,100,A
3029,65.6,C
3030,97.6,A
3031,52.5,D
3032,66.7,C
3033,83.9,B
3034,52.5,D
3035,88.7,A
3036,100,A
3037,90.8,A
3038,89.5,A
3039,79.7,B
3040,92.2,A
3041,96.2,A
3042,74.4,B
3043,78.1,B
3044,100,A
3045,99.1,A
3046,56.5,C
3047,100,A
3048,96.8,A
3049,100,A
3050,100,A
3051,76.9,B
3052,77,B
3053,90.6,A
3054,83.8,B
3055,100,A
3056,63.4,C
3057,100,A
3058,90.8,A
3059,42.6,D
3060,90.8,A
3061,83.7,B
3062,100,A
3063,89.1,A
3064,61.7,C
3065,61.9,C
3066,75.2,B
3067,100,A
3068,85.2,A
3069,97.2,A
3070,100,A
3071,70,B
3072,100,A
3073,83.6,B
3074,100,A
3075,80.8,B
3076,100,A
3077,95.3,A
3078,88.9,A
3079,93.1,A
3080,83,B
3081,100,A
3082,100,A
3083,64.1,C
3084,76.9,B
3085,89.7,A
3086,100,A
3087,71.7,B
3088,100,A
3089,44.5,D
3090,98,A
3091,41.7,D
3092,100,A
3093,92,A
3094,88,A
3095,68.7,C
3096,100,A
3097,100,A
3098,77.2,B
3099,79.1,B
3100,77.6,B
3101,74.8,B
3102,94.1,A
3103,100,A
3104,100,A
3105,54.9,D
3106,71.6,B
3107,54.7,D
3108,100,A
3109,90.3,A
3110,69,C
3111,75.7,B
3112,84.5,B
3113,100,A
3114,78.5,B
3115,94.1,A
3116,94.4,A
3117,94.4,A
3118,61.9,C
3119,100,A
3120,100,A
3121,75.5,B
3122,100,A
3123,86.8,A
3124,81,B
3125,87.1,A
3126,89.9,A
3127,37.1,F
3128,100,A
3129,80.5,B
3130,66.9,C
3131,81.6,B
3132,80.8,B
3133,40.2,D
3134,100,A
3135,91.2,A
3136,93.4,A
3137,100,A
3138,64,C
3139,100,A
3140,79.2,B
3141,100,A
3142,40.2,D
3143,79,B
3144,73,B
3145,99.4,A
3146,83.3,B
3147,84.9,B
3148,76.5,B
3149,90.3,A
3150,87.3,A
3151,100,A
3152,70.6,B
3153,66.5,C
3154,87.2,A
3155,52.4,D
3156,68.6,C
3157,62,C
3158,90.1,A
3159,100,A
3160,90.8,A
3161,78.1,B
3162,100,A
3163,63.8,C
3164,90,A
3165,65.6,C
3166,53.4,D
3167,90.8,A
3168,89,A
3169,78.4,B
3170,93.1,A
3171,68.4,C
3172,100,A
3173,74.6,B
3174,100,A
3175,75,B
3176,93.4,A
3177,64.9,C
3178,93.4,A
3179,100,A
3180,100,A
3181,100,A
3182,84.6,B
3183,81.9,B
3184,85.1,A
3185,75.9,B
3186,100,A
3187,66.2,C
3188,100,A
3189,100,A
3190,100,A
3191,53,D
3192,100,A
3193,100,A
3194,82.1,B
3195,52.3,D
3196,59.7,C
3197,85,A
3198,42.4,D
3199,85.3,A
3200,89.9,A
3201,100,A
3202,100,A
3203,82.3,B
3204,95.4,A
3205,64.9,C
3206,56.3,C
3207,65,C
3208,100,A
3209,91.6,A
3210,82.3,B
3211,100,A
3212,70.1,B
3213,100,A
3214,100,A
3215,97.5,A
3216,100,A
3217,48.1,D
3218,63.4,C
3219,80.6,B
3220,99,A
3221,70.8,B
3222,100,A
3223,100,A
3224,86.2,A
3225,82.4,B
3226,39,F
3227,81.8,B
3228,100,A
3229,100,A
3230,94.2,A
3231,85.9,A
3232,46.2,D
3233,69.8,C
3234,100,A
3235,73.8,B
3236,82.9,B
3237,100,A
3238,74.8,B
3239,84.2,B
3240,100,A
3241,83.1,B
3242,100,A
3243,43.6,D
3244,100,A
3245,95.1,A
3246,100,A
3247,98,A
3248,71.7,B
3249,89.2,A
3250,53.6,D
3251,85.1,A
3252,89.5,A
3253,100,A
3254,100,A
3255,99.5,A
3256,89.3,A
3257,75.9,B
3258,71.1,B
3259,100,A
3260,100,A
3261,67.7,C
3262,98.5,A
3263,83.8,B
3264,100,A
3265,82.9,B
3266,100,A
3267,71,B
3268,85.2,A
3269,100,A
3270,100,A
3271,87.4,A
3272,65.7,C
3273,100,A
3274,86.3,A
3275,73.5,B
3276,100,A
3277,95.1,A
3278,100,A
3279,77.9,B
3280,100,A
3281,74.7,B
3282,85.9,A
3283,28.2,F
3284,100,A
3285,66.6,C
3286,100,A
3287,94.8,A
3288,77.4,B
3289,85.1,A
3290,89.6,A
3291,100,A
3292,50.6,D
3293,94.7,A
3294,82.1,B
3295,70.7,B
3296,50.2,D
3297,100,A
3298,76.1,B
3299,69.2,C
3300,100,A
3301,100,A
3302,53,D
3303,100,A
3304,70,B
3305,100,A
3306,97,A
3307,87.7,A
3308,98.5,A
3309,100,A
3310,99.9,A
3311,50.6,D
3312,100,A
3313,100,A
3314,84,B
3315,69.9,C
3316,96.9,A
3317,89.6,A
3318,79.7,B
3319,95.2,A
3320,100,A
3321,99.4,A
3322,70.4,B
3323,48,D
3324,98.5,A
3325,100,A
3326,85.4,A
3327,84.5,B
3328,83.8,B
3329,70.4,B
3330,97.7,A
3331,100,A
3332,69.1,C
3333,100,A
3334,92,A
3335,100,A
3336,63,C
3337,57.2,C
3338,64.7,C
3339,99.3,A
3340,100,A
3341,100,A
3342,91.8,A
3343,72.9,B
3344,89.9,A
3345,51.6,D
3346,100,A
3347,77,B
3348,90.8,A
3349,100,A
3350,89.6,A
3351,70.8,B
3352,81.1,B
3353,85.6,A
3354,99.9,A
3355,83.6,B
3356,75.4,B
3357,100,A
3358,53.1,D
3359,76.1,B
3360,75,B
3361,74.9,B
3362,62.7,C
3363,39.2,F
3364,80.3,B
3365,66.2,C
3366,100,A
3367,72.1,B
3368,100,A
3369,100,A
3370,98.1,A
3371,90.4,A
3372,52.5,D
3373,100,A
3374,100,A
3375,53.1,D
3376,66.2,C
3377,88.1,A
3378,77.8,B
3379,77.1,B
3380,77.4,B
3381,100,A
3382,100,A
3383,99.8,A
3384,100,A
3385,100,A
3386,70.5,B
3387,66.5,C
3388,82.2,B
3389,100,A
3390,88.6,A
3391,67.5,C
3392,63.4,C
3393,89.2,A
3394,90.3,A
3395,100,A
3396,50.4,D
3397,93.8,A
3398,100,A
3399,100,A
3400,77.1,B
3401,100,A
3402,85.9,A
3403,91.8,A
3404,92.4,A
3405,100,A
3406,45.8,D
3407,100,A
3408,100,A
3409,77.7,B
3410,100,A
3411,68,C
3412,82.8,B
3413,100,A
3414,65.7,C
3415,83,B
3416,74.4,B
3417,95.1,A
3418,81.9,B
3419,84.4,B
3420,74.9,B
3421,51.9,D
3422,79.9,B
3423,100,A
3424,94,A
3425,63.1,C
3426,100,A
3427,100,A
3428,100,A
3429,84.9,B
3430,100,A
3431,82.9,B
3432,100,A
3433,100,A
3434,68.7,C
3435,100,A
3436,100,A
3437,99.1,A
3438,77.8,B
3439,63.7,C
3440,91.1,A
3441,63.3,C
3442,93.2,A
3443,85.9,A
3444,100,A
3445,94.3,A
3446,60.9,C
3447,96.7,A
3448,80.5,B
3449,98,A
3450,53.7,D
3451,87.5,A
3452,59.2,C
3453,77,B
3454,77.8,B
3455,51.1,D
3456,100,A
3457,97.3,A
3458,79.3,B
3459,100,A
3460,72.5,B
3461,100,A
3462,100,A
3463,87.1,A
3464,100,A
3465,91.3,A
3466,77.6,B
3467,76.1,B
3468,82.9,B
3469,79.2,B
3470,100,A
3471,94.5,A
3472,85.6,A
3473,89,A
3474,70.7,B
3475,69.8,C
3476,63.5,C
3477,100,A
3478,42.1,D
3479,100,A
3480,94.5,A
3481,76.1,B
3482,38.5,F
3483,89.7,A
3484,78.4,B
3485,75,B
3486,67.9,C
3487,100,A
3488,100,A
3489,75.5,B
3490,67.5,C
3491,90.9,A
3492,71.1,B
3493,94.9,A
3494,88.7,A
3495,90.2,A
3496,100,A
3497,100,A
3498,90.9,A
3499,67.7,C
3500,87.1,A
3501,85.5,A
3502,76.7,B
3503,77.3,B
3504,92.4,A
3505,86.5,A
3506,46.8,D
3507,100,A
3508,89.3,A
3509,100,A
3510,75.7,B
3511,100,A
3512,57.4,C
3513,100,A
3514,57.9,C
3515,96.8,A
3516,81.9,B
3517,82.7,B
3518,83.7,B
3519,100,A
3520,49.8,D
3521,96.3,A
3522,30.2,F
3523,84.2,B
3524,100,A
3525,60.8,C
3526,58.5,C
3527,100,A
3528,100,A
3529,65,C
3530,68.9,C
3531,100,A
3532,90.5,A
3533,78.2,B
3534,65.4,C
3535,100,A
3536,100,A
3537,100,A
3538,70.7,B
3539,73.4,B
3540,100,A
3541,91.8,A
3542,100,A
3543,100,A
3544,88.6,A
3545,100,A
3546,94.8,A
3547,100,A
3548,98.4,A
3549,60.4,C
3550,94.1,A
3551,95.1,A
3552,57.7,C
3553,100,A
3554,100,A
3555,49.1,D
3556,79.2,B
3557,97.1,A
3558,94.4,A
3559,93.4,A
3560,67.5,C
3561,93.9,A
3562,89.9,A
3563,33.6,F
3564,100,A
3565,100,A
3566,90.2,A
3567,88.7,A
3568,100,A
3569,98.3,A
3570,89.2,A
3571,94.7,A
3572,92.4,A
3573,98.1,A
3574,98.5,A
3575,69.9,C
3576,88.8,A
3577,64.5,C
3578,92.1,A
3579,59.5,C
3580,64.9,C
3581,100,A
3582,100,A
3583,100,A
3584,66.3,C
3585,80.8,B
3586,62.5,C
3587,90.1,A
3588,64.4,C
3589,100,A
3590,100,A
3591,100,A
3592,100,A
3593,100,A
3594,79.5,B
3595,100,A
3596,100,A
3597,66.1,C
3598,92.6,A
3599,90.9,A
3600,78.9,B
3601,69.5,C
3602,76.3,B
3603,100,A
3604,91.4,A
3605,100,A
3606,74.4,B
3607,68.1,C
3608,100,A
3609,66.2,C
3610,84.1,B
3611,91.6,A
3612,88.5,A
3613,74.5,B
3614,80.7,B
3615,97,A
3616,99.4,A
3617,58.8,C
3618,100,A
3619,100,A
3620,100,A
3621,50.4,D
3622,96.3,A
3623,48.6,D
3624,91.7,A
3625,100,A
3626,69.5,C
3627,70.6,B
3628,100,A
3629,61.9,C
3630,94.7,A
3631,88,A
3632,64,C
3633,67.7,C
3634,100,A
3635,96.6,A
3636,100,A
3637,77.2,B
3638,100,A
3639,72.4,B
3640,98.4,A
3641,91,A
3642,95.1,A
3643,64.3,C
3644,80.4,B
3645,68.7,C
3646,71.6,B
3647,90.4,A
3648,81,B
3649,100,A
3650,70.4,B
3651,83.8,B
3652,100,A
3653,91.1,A
3654,68.2,C
3655,90.1,A
3656,91,A
3657,76.3,B
3658,79.4,B
3659,89.2,A
3660,100,A
3661,85.4,A
3662,71,B
3663,100,A
3664,94,A
3665,100,A
3666,69.6,C
3667,95.8,A
3668,100,A
3669,83.1,B
3670,82,B
3671,100,A
3672,95,A
3673,72.7,B
3674,96.5,A
3675,91.5,A
3676,80.9,B
3677,100,A
3678,85.4,A
3679,100,A
3680,97.9,A
3681,71.5,B
3682,72.8,B
3683,90.3,A
3684,100,A
3685,75.8,B
3686,59.1,C
3687,100,A
3688,83.2,B
3689,100,A
3690,89.3,A
3691,100,A
3692,92.6,A
3693,96.4,A
3694,100,A
3695,100,A
3696,88.7,A
3697,73.5,B
3698,90.2,A
3699,100,A
3700,67.2,C
3701,90.9,A
3702,98.1,A
3703,64.4,C
3704,48.4,D
3705,81.6,B
3706,92.2,A
3707,82.2,B
3708,100,A
3709,91.1,A
3710,88.3,A
3711,70.2,B
3712,70.7,B
3713,73,B
3714,60.1,C
3715,100,A
3716,84.6,B
3717,100,A
3718,100,A
3719,71.9,B
3720,85.4,A
3721,99.3,A
3722,100,A
3723,63.4,C
3724,47.3,D
3725,69.9,C
3726,95.2,A
3727,95.7,A
3728,100,A
3729,83.6,B
3730,49.1,D
3731,100,A
3732,74.4,B
3733,71.4,B
3734,93.3,A
3735,100,A
3736,100,A
3737,78.2,B
3738,100,A
3739,84.5,B
3740,61.3,C
3741,55.4,C
3742,93.2,A
3743,100,A
3744,99.9,A
3745,55.1,C
3746,88.7,A
3747,36.4,F
3748,76.6,B
3749,100,A
3750,53.2,D
3751,78.4,B
3752,94.8,A
3753,100,A
3754,77.8,B
3755,62.8,C
3756,46.1,D
3757,86.6,A
3758,100,A
3759,94.5,A
3760,71.7,B
3761,100,A
3762,87.8,A
3763,67.3,C
3764,100,A
3765,93.1,A
3766,69.1,C
3767,73.6,B
3768,90,A
3769,100,A
3770,73.6,B
3771,100,A
3772,83.3,B
3773,76.4,B
3774,61.4,C
3775,46.1,D
3776,98.2,A
3777,74.8,B
3778,64,C
3779,47.8,D
3780,83.9,B
3781,91.4,A
3782,88.1,A
3783,78.5,B
3784,80.8,B
3785,100,A
3786,81.3,B
3787,89.9,A
3788,81.9,B
3789,92.5,A
3790,100,A
3791,100,A
3792,70.6,B
3793,92.8,A
3794,91.6,A
3795,94.2,A
3796,96.9,A
3797,63.8,C
3798,85.5,A
3799,77,B
3800,79.9,B
3801,80.1,B
3802,67.7,C
3803,82.8,B
3804,87.5,A
3805,67.9,C
3806,75.2,B
3807,93.4,A
3808,58.7,C
3809,100,A
3810,100,A
3811,77.8,B
3812,86.4,A
3813,61.1,C
3814,77.6,B
3815,58.4,C
3816,70.5,B
3817,82.4,B
3818,83.4,B
3819,94.3,A
3820,57,C
3821,98.4,A
3822,84.3,B
3823,81.5,B
3824,90,A
3825,88.4,A
3826,100,A
3827,67.4,C
3828,83.1,B
3829,100,A
3830,95.7,A
3831,75.6,B
3832,69.2,C
3833,100,A
3834,76.9,B
3835,72.2,B
3836,79.1,B
3837,100,A
3838,95.4,A
3839,64.1,C
3840,76.6,B
3841,83.3,B
3842,80.3,B
3843,100,A
3844,45.6,D
3845,100,A
3846,96.2,A
3847,100,A
3848,66.2,C
3849,92.1,A
3850,61.7,C
3851,60.6,C
3852,94.4,A
3853,97.5,A
3854,100,A
3855,92.9,A
3856,84.3,B
3857,57.5,C
3858,93.2,A
3859,68.6,C
3860,96.3,A
3861,64,C
3862,91.6,A
3863,72.4,B
3864,66.1,C
3865,79.3,B
3866,76.5,B
3867,87.5,A
3868,100,A
3869,92.9,A
3870,93.4,A
3871,69.3,C
3872,93.8,A
3873,74.3,B
3874,66.3,C
3875,77.9,B
3876,100,A
3877,99.2,A
3878,86.9,A
3879,72.6,B
3880,74.2,B
3881,87.9,A
3882,100,A
3883,31,F
3884,81.8,B
3885,82.8,B
3886,85.3,A
3887,50.6,D
3888,82.7,B
3889,79.7,B
3890,100,A
3891,100,A
3892,100,A
3893,76.7,B
3894,71.5,B
3895,95.8,A
3896,100,A
3897,92.6,A
3898,100,A
3899,84.5,B
3900,100,A
3901,65.4,C
3902,100,A
3903,100,A
3904,79.3,B
3905,100,A
3906,87.7,A
3907,99,A
3908,45.8,D
3909,100,A
3910,85.9,A
3911,62.3,C
3912,75.8,B
3913,100,A
3914,72.4,B
3915,49.8,D
3916,81.5,B
3917,94,A
3918,100,A
3919,100,A
3920,90.4,A
3921,100,A
3922,93.7,A
3923,81.5,B
3924,60.8,C
3925,80.7,B
3926,69.8,C
3927,100,A
3928,91.4,A
3929,81.1,B
3930,91.5,A
3931,100,A
3932,100,A
3933,100,A
3934,92.5,A
3935,88.2,A
3936,87.6,A
3937,100,A
3938,61.2,C
3939,100,A
3940,63.2,C
3941,100,A
3942,96.8,A
3943,95.6,A
3944,63.7,C
3945,81,B
3946,100,A
3947,97.3,A
3948,98.6,A
3949,81.3,B
3950,52.8,D
3951,88,A
3952,46.8,D
3953,100,A
3954,100,A
3955,83.2,B
3956,93,A
3957,85.9,A
3958,75,B
3959,100,A
3960,85.2,A
3961,78.6,B
3962,100,A
3963,94.9,A
3964,96.2,A
3965,80.3,B
3966,100,A
3967,82.9,B
3968,53.2,D
3969,100,A
3970,100,A
3971,88.9,A
3972,58,C
3973,100,A
3974,86.8,A
3975,78.7,B
3976,100,A
3977,92.2,A
3978,100,A
3979,98.4,A
3980,62.4,C
3981,100,A
3982,100,A
3983,100,A
3984,95,A
3985,88.4,A
3986,45.9,D
3987,100,A
3988,90.8,A
3989,100,A
3990,76.5,B
3991,44.9,D
3992,86.6,A
3993,64.1,C
3994,96.7,A
3995,32.6,F
3996,100,A
3997,48.8,D
3998,92,A
3999,100,A
4000,92.6,A
4001,67.8,C
4002,75.5,B
4003,81.3,B
4004,88.3,A
4005,59.9,C
4006,100,A
4007,50.7,D
4008,84.1,B
4009,94.1,A
4010,100,A
4011,79.1,B
4012,54.8,D
4013,76,B
4014,90.9,A
4015,98,A
4016,67.4,C
4017,87.1,A
4018,100,A
4019,77,B
4020,84.9,B
4021,100,A
4022,58.4,C
4023,39.7,F
4024,100,A
4025,83.4,B
4026,62.7,C
4027,100,A
4028,74.6,B
4029,100,A
4030,100,A
4031,100,A
4032,64.1,C
4033,73.3,B
4034,67.6,C
4035,73.3,B
4036,100,A
4037,100,A
4038,71.3,B
4039,84.4,B
4040,62.6,C
4041,95.1,A
4042,100,A
4043,46.8,D
4044,80,B
4045,100,A
4046,75,B
4047,100,A
4048,100,A
4049,85.3,A
4050,99.1,A
4051,70.7,B
4052,79.4,B
4053,92.1,A
4054,83.4,B
4055,87.1,A
4056,85.7,A
4057,100,A
4058,100,A
4059,100,A
4060,82.2,B
4061,94.4,A
4062,100,A
4063,67.9,C
4064,82.1,B
4065,81.2,B
4066,63.7,C
4067,100,A
4068,100,A
4069,78.6,B
4070,100,A
4071,89.2,A
4072,73.1,B
4073,71,B
4074,91.1,A
4075,89.2,A
4076,87.6,A
4077,80.1,B
4078,48.3,D
4079,98.9,A
4080,82.3,B
4081,96.7,A
4082,63.1,C
4083,100,A
4084,61.9,C
4085,100,A
4086,86.4,A
4087,100,A
4088,98,A
4089,98.5,A
4090,88.4,A
4091,69.1,C
4092,100,A
4093,81.6,B
4094,82.5,B
4095,100,A
4096,84.5,B
4097,96,A
4098,79.5,B
4099,81.7,B
4100,72.7,B
4101,50.4,D
4102,81.6,B
4103,100,A
4104,93.5,A
4105,88,A
4106,94.3,A
4107,79.7,B
4108,100,A
4109,83.1,B
4110,95,A
4111,100,A
4112,100,A
4113,100,A
4114,48.6,D
4115,100,A
4116,82.4,B
4117,84.8,B
4118,44.7,D
4119,83.5,B
4120,82.4,B
4121,84.5,B
4122,79.4,B
4123,100,A
4124,95.9,A
4125,83.4,B
4126,60.3,C
4127,68.4,C
4128,100,A
4129,59,C
4130,100,A
4131,84.5,B
4132,87.5,A
4133,100,A
4134,100,A
4135,83.3,B
4136,78.7,B
4137,90.5,A
4138,92.1,A
4139,100,A
4140,94.4,A
4141,100,A
4142,100,A
4143,83,B
4144,87.3,A
4145,70.7,B
4146,32.1,F
4147,99.7,A
4148,81.8,B
4149,78.6,B
4150,100,A
4151,89.7,A
4152,84.5,B
4153,98.7,A
4154,84.5,B
4155,100,A
4156,90.8,A
4157,100,A
4158,77.7,B
4159,75.4,B
4160,89.6,A
4161,95.4,A
4162,97.5,A
4163,88.6,A
4164,57.7,C
4165,82.1,B
4166,100,A
4167,84,B
4168,75.5,B
4169,100,A
4170,78.3,B
4171,55.8,C
4172,85.5,A
4173,75.1,B
4174,83.2,B
4175,83,B
4176,95.1,A
4177,81.4,B
4178,98.8,A
4179,100,A
4180,99.6,A
4181,77.4,B
4182,84.3,B
4183,71.1,B
4184,78,B
4185,82.7,B
4186,83.8,B
4187,100,A
4188,71.7,B
4189,74.8,B
4190,79.9,B
4191,81.6,B
4192,76.7,B
4193,95.4,A
4194,58.5,C
4195,42.8,D
4196,78.7,B
4197,100,A
4198,53.1,D
4199,51.2,D
4200,100,A
4201,86.3,A
4202,60,C
4203,69,C
4204,69.8,C
4205,94.2,A
4206,76.3,B
4207,100,A
4208,41.4,D
4209,82,B
4210,52.5,D
4211,78.2,B
4212,79.7,B
4213,100,A
4214,53.7,D
4215,91.9,A
4216,83.2,B
4217,100,A
4218,73.4,B
4219,83,B
4220,49.2,D
4221,47.9,D
4222,99.1,A
4223,83.9,B
4224,78.8,B
4225,68.5,C
4226,92.6,A
4227,100,A
4228,92.5,A
4229,80.2,B
4230,76.1,B
4231,65.6,C
4232,100,A
4233,69.7,C
4234,95.7,A
4235,54.7,D
4236,80.7,B
4237,100,A
4238,70.1,B
4239,100,A
4240,81.1,B
4241,45.9,D
4242,93.1,A
4243,100,A
4244,100,A
4245,100,A
4246,65.9,C
4247,92.7,A
4248,100,A
4249,100,A
4250,71.4,B
4251,100,A
4252,88,A
4253,94.6,A
4254,57.6,C
4255,100,A
4256,100,A
4257,85.3,A
4258,100,A
4259,100,A
4260,69.7,C
4261,100,A
4262,96.7,A
4263,100,A
4264,78.1,B
4265,97.4,A
4266,89.2,A
4267,95.3,A
4268,53.7,D
4269,77,B
4270,100,A
4271,82.9,B
4272,85.8,A
4273,62.4,C
4274,67,C
4275,77.1,B
4276,84.6,B
4277,58.4,C
4278,70.3,B
4279,95.9,A
4280,100,A
4281,100,A
4282,61.5,C
4283,100,A
4284,100,A
4285,80.6,B
4286,89.9,A
4287,77.5,B
4288,99,A
4289,100,A
4290,100,A
4291,100,A
4292,75.6,B
4293,65,C
4294,80.8,B
4295,100,A
4296,60.6,C
4297,68.7,C
4298,99.8,A
4299,76.8,B
4300,77.9,B
4301,76.4,B
4302,52.4,D
4303,71.6,B
4304,100,A
4305,65.8,C
4306,54.6,D
4307,78,B
4308,98.8,A
4309,82.4,B
4310,78.2,B
4311,100,A
4312,55.4,C
4313,100,A
4314,84.2,B
4315,65.3,C
4316,100,A
4317,84.3,B
4318,100,A
4319,97.8,A
4320,86.5,A
4321,88.8,A
4322,86.5,A
4323,100,A
4324,81.5,B
4325,81.7,B
4326,84.2,B
4327,83.7,B
4328,88.9,A
4329,100,A
4330,86,A
4331,82.8,B
4332,60,C
4333,98.9,A
4334,96,A
4335,100,A
4336,79.7,B
4337,71.9,B
4338,93.8,A
4339,62.7,C
4340,83.6,B
4341,100,A
4342,87.1,A
4343,100,A
4344,100,A
4345,76.6,B
4346,79.9,B
4347,98.1,A
4348,60.8,C
4349,72,B
4350,83.5,B
4351,54.2,D
4352,88.5,A
4353,99.2,A
4354,47.2,D
4355,100,A
4356,100,A
4357,76.9,B
4358,93.6,A
4359,91.5,A
4360,100,A
4361,87.7,A
4362,98.5,A
4363,93,A
4364,100,A
4365,77.2,B
4366,100,A
4367,70.3,B
4368,85.8,A
4369,47.8,D
4370,98.3,A
4371,65.6,C
4372,90.6,A
4373,68.2,C
4374,83.9,B
4375,100,A
4376,100,A
4377,60.6,C
4378,100,A
4379,78.1,B
4380,91.9,A
4381,84,B
4382,88.5,A
4383,75.7,B
4384,83.5,B
4385,81.3,B
4386,81.4,B
4387,84.3,B
4388,41.7,D
4389,99.6,A
4390,100,A
4391,81.6,B
4392,92.7,A
4393,79.9,B
4394,73.1,B
4395,100,A
4396,54.9,D
4397,80.9,B
4398,55.1,C
4399,100,A
4400,74.3,B
4401,100,A
4402,100,A
4403,83.4,B
4404,98.4,A
4405,99.5,A
4406,99.9,A
4407,76.3,B
4408,72.5,B
4409,96.1,A
4410,100,A
4411,71.6,B
4412,91.8,A
4413,69.6,C
4414,61.1,C
4415,96.5,A
4416,84.2,B
4417,100,A
4418,59.9,C
4419,71.4,B
4420,53.1,D
4421,98.7,A
4422,80.6,B
4423,100,A
4424,99.6,A
4425,63.3,C
4426,73.3,B
4427,90.4,A
4428,76.5,B
4429,89.6,A
4430,80,B
4431,45.4,D
4432,40.3,D
4433,92.3,A
4434,81.3,B
4435,66.9,C
4436,87.7,A
4437,100,A
4438,79.2,B
4439,64.4,C
4440,93.4,A
4441,51.5,D
4442,85.5,A
4443,87.6,A
4444,100,A
4445,46,D
4446,74.6,B
4447,76.2,B
4448,85.5,A
4449,100,A
4450,100,A
4451,86.8,A
4452,90,A
4453,100,A
4454,90.5,A
4455,100,A
4456,71.5,B
4457,62.9,C
4458,59.5,C
4459,63.1,C
4460,87.7,A
4461,98.3,A
4462,100,A
4463,100,A
4464,96.7,A
4465,75,B
4466,77.3,B
4467,100,A
4468,92.4,A
4469,100,A
4470,74.8,B
4471,69.3,C
4472,100,A
4473,100,A
4474,99.8,A
4475,100,A
4476,96.1,A
4477,71.2,B
4478,93.5,A
4479,85.7,A
4480,100,A
4481,58.9,C
4482,92.2,A
4483,83,B
4484,86.5,A
4485,98.5,A
4486,51.6,D
4487,98.5,A
4488,78.8,B
4489,88.4,A
4490,88.7,A
4491,85.7,A
4492,78.7,B
4493,65.8,C
4494,88.2,A
4495,100,A
4496,100,A
4497,63.3,C
4498,99.6,A
4499,46.6,D
4500,67.4,C
4501,71.9,B
4502,75.3,B
4503,56.2,C
4504,97.1,A
4505,90.6,A
4506,100,A
4507,100,A
4508,83.4,B
4509,100,A
4510,91.3,A
4511,76.1,B
4512,100,A
4513,77.3,B
4514,59.6,C
4515,75.4,B
4516,65.5,C
4517,97.5,A
4518,97.5,A
4519,100,A
4520,77.5,B
4521,74.9,B
4522,100,A
4523,100,A
4524,100,A
4525,100,A
4526,100,A
4527,57.2,C
4528,92.7,A
4529,95,A
4530,79.6,B
4531,100,A
4532,100,A
4533,87.5,A
4534,75.1,B
4535,96.2,A
4536,78.8,B
4537,79.4,B
4538,68.5,C
4539,74,B
4540,100,A
4541,70.5,B
4542,100,A
4543,69.5,C
4544,81.6,B
4545,92.2,A
4546,100,A
4547,95.6,A
4548,91.3,A
4549,85.3,A
4550,78.6,B
4551,100,A
4552,100,A
4553,100,A
4554,81.2,B
4555,82.3,B
4556,81.8,B
4557,68.8,C
4558,95.3,A
4559,70,C
4560,98.6,A
4561,70.6,B
4562,100,A
4563,59.9,C
4564,96.2,A
4565,100,A
4566,89.3,A
4567,100,A
4568,62.1,C
4569,100,A
4570,100,A
4571,94.5,A
4572,78.1,B
4573,100,A
4574,84.2,B
4575,79,B
4576,75.2,B
4577,67.3,C
4578,100,A
4579,71.8,B
4580,85.8,A
4581,95.3,A
4582,58.7,C
4583,89.1,A
4584,97,A
4585,64.2,C
4586,100,A
4587,100,A
4588,91.4,A
4589,78,B
4590,62.2,C
4591,77.2,B
4592,80.7,B
4593,86.1,A
4594,38.4,F
4595,85,A
4596,61.6,C
4597,66.3,C
4598,94.5,A
4599,97.7,A
4600,100,A
4601,73.9,B
4602,100,A
4603,100,A
4604,100,A
4605,56.6,C
4606,76.6,B
4607,87.7,A
4608,100,A
4609,100,A
4610,89,A
4611,100,A
4612,59.3,C
4613,99.6,A
4614,88.3,A
4615,88.6,A
4616,81.4,B
4617,96.5,A
4618,46.9,D
4619,81.6,B
4620,78.3,B
4621,100,A
4622,100,A
4623,68.3,C
4624,100,A
4625,96,A
4626,100,A
4627,66.9,C
4628,66.4,C
4629,100,A
4630,94.9,A
4631,55.4,C
4632,75.3,B
4633,99,A
4634,82.1,B
4635,86.5,A
4636,47.7,D
4637,78.5,B
4638,55.4,C
4639,38.6,F
4640,50.1,D
4641,90.2,A
4642,68.2,C
4643,96.2,A
4644,100,A
4645,100,A
4646,100,A
4647,39.9,F
4648,76.8,B
4649,77.5,B
4650,95.3,A
4651,91.6,A
4652,84.7,B
4653,97.4,A
4654,94,A
4655,100,A
4656,100,A
4657,73.3,B
4658,56.4,C
4659,97.1,A
4660,85.6,A
4661,100,A
4662,83.1,B
4663,82,B
4664,69,C
4665,100,A
4666,84.1,B
4667,84,B
4668,100,A
4669,81.1,B
4670,96.4,A
4671,100,A
4672,58.4,C
4673,93.7,A
4674,78.6,B
4675,86.5,A
4676,57,C
4677,91.9,A
4678,100,A
4679,100,A
4680,100,A
4681,73.1,B
4682,66,C
4683,100,A
4684,80.8,B
4685,60.4,C
4686,100,A
4687,75.7,B
4688,54.8,D
4689,53.4,D
4690,84.6,B
4691,85.3,A
4692,87.3,A
4693,100,A
4694,100,A
4695,77,B
4696,100,A
4697,100,A
4698,100,A
4699,97.2,A
4700,83.9,B
4701,67.3,C
4702,72.3,B
4703,94.6,A
4704,90.8,A
4705,98.8,A
4706,77.9,B
4707,100,A
4708,80.8,B
4709,100,A
4710,80.6,B
4711,61.3,C
4712,93.5,A
4713,100,A
4714,100,A
4715,81.9,B
4716,86.4,A
4717,100,A
4718,100,A
4719,100,A
4720,84.3,B
4721,100,A
4722,86.6,A
4723,65.4,C
4724,81.5,B
4725,87.3,A
4726,48.1,D
4727,99.5,A
4728,75.2,B
4729,100,A
4730,86.8,A
4731,94.1,A
4732,82.2,B
4733,78.5,B
4734,91.5,A
4735,100,A
4736,100,A
4737,92.9,A
4738,82.7,B
4739,76.3,B
4740,100,A
4741,78.5,B
4742,93,A
4743,91.6,A
4744,89.6,A
4745,100,A
4746,74.6,B
4747,89.3,A
4748,42.8,D
4749,78.9,B
4750,98.8,A
4751,95.3,A
4752,78.5,B
4753,79.1,B
4754,81.7,B
4755,80.4,B
4756,90,A
4757,65.5,C
4758,100,A
4759,76.4,B
4760,100,A
4761,62.5,C
4762,98,A
4763,94.5,A
4764,90,A
4765,53.8,D
4766,96.2,A
4767,54.8,D
4768,67.1,C
4769,100,A
4770,99.7,A
4771,78.5,B
4772,70.3,B
4773,85.1,A
4774,99.7,A
4775,45.4,D
4776,100,A
4777,75.1,B
4778,100,A
4779,68.3,C
4780,49.4,D
4781,86.2,A
4782,100,A
4783,73.3,B
4784,72.8,B
4785,100,A
4786,71.1,B
4787,96.3,A
4788,80.9,B
4789,60.3,C
4790,78.2,B
4791,79,B
4792,80.7,B
4793,80.1,B
4794,94.1,A
4795,87.6,A
4796,60.1,C
4797,97.8,A
4798,64.2,C
4799,35.8,F
4800,100,A
4801,100,A
4802,70.6,B
4803,70.3,B
4804,81,B
4805,70.2,B
4806,63.3,C
4807,57.6,C
4808,97,A
4809,100,A
4810,75.9,B
4811,97.7,A
4812,55,C
4813,98.8,A
4814,70.8,B
4815,91.4,A
4816,86,A
4817,100,A
4818,71.4,B
4819,91.6,A
4820,67.6,C
4821,80.3,B
4822,73.3,B
4823,79.3,B
4824,86.5,A
4825,88,A
4826,93.9,A
4827,80.9,B
4828,91.3,A
4829,100,A
4830,80.9,B
4831,100,A
4832,77.6,B
4833,92.9,A
4834,91,A
4835,54.7,D
4836,93.3,A
4837,77,B
4838,77,B
4839,100,A
4840,72.6,B
4841,81.6,B
4842,75,B
4843,100,A
4844,91.6,A
4845,99.8,A
4846,85.3,A
4847,48.4,D
4848,83.7,B
4849,62.6,C
4850,100,A
4851,49.9,D
4852,100,A
4853,98.5,A
4854,72,B
4855,100,A
4856,100,A
4857,98.8,A
4858,100,A
4859,84.9,B
4860,82.6,B
4861,72.2,B
4862,68.5,C
4863,79.3,B
4864,59.4,C
4865,93.4,A
4866,56,C
4867,78.3,B
4868,96.4,A
4869,84.9,B
4870,77.3,B
4871,100,A
4872,100,A
4873,86.4,A
4874,91.4,A
4875,71.9,B
4876,66.5,C
4877,66.5,C
4878,85.1,A
4879,77.2,B
4880,100,A
4881,99.1,A
4882,100,A
4883,84.3,B
4884,98.3,A
4885,99.8,A
4886,81.5,B
4887,94,A
4888,100,A
4889,100,A
4890,97,A
4891,63.5,C
4892,64.3,C
4893,77.2,B
4894,60,C
4895,64.9,C
4896,79.9,B
4897,65.8,C
4898,93.1,A
4899,100,A
4900,91.8,A
4901,84,B
4902,74.1,B
4903,62.4,C
4904,78.5,B
4905,90.8,A
4906,88.5,A
4907,85.3,A
4908,46.6,D
4909,87.8,A
4910,75.5,B
4911,87.9,A
4912,100,A
4913,85.4,A
4914,94.2,A
4915,60.9,C
4916,100,A
4917,100,A
4918,85.3,A
4919,100,A
4920,100,A
4921,99.5,A
4922,77.5,B
4923,100,A
4924,100,A
4925,95.3,A
4926,87.4,A
4927,67.6,C
4928,88.7,A
4929,77.8,B
4930,100,A
4931,100,A
4932,41.5,D
4933,100,A
4934,100,A
4935,90,A
4936,100,A
4937,83.9,B
4938,100,A
4939,96.6,A
4940,55.6,C
4941,100,A
4942,91.4,A
4943,85.7,A
4944,72.4,B
4945,100,A
4946,100,A
4947,78.3,B
4948,64.2,C
4949,88.5,A
4950,91.9,A
4951,100,A
4952,100,A
4953,94.5,A
4954,100,A
4955,96,A
4956,69.9,C
4957,93.9,A
4958,100,A
4959,88.6,A
4960,100,A
4961,82.4,B
4962,81.5,B
4963,63.2,C
4964,100,A
4965,66,C
4966,73.1,B
4967,67.5,C
4968,100,A
4969,83.3,B
4970,90.2,A
4971,100,A
4972,71.1,B
4973,60.4,C
4974,48.5,D
4975,51.5,D
4976,80.4,B
4977,100,A
4978,95.2,A
4979,96.7,A
4980,70.5,B
4981,64.8,C
4982,100,A
4983,100,A
4984,92.4,A
4985,96.1,A
4986,100,A
4987,95.6,A
4988,97.1,A
4989,94.9,A
4990,100,A
4991,36.6,F
4992,89.6,A
4993,100,A
4994,100,A
4995,84.2,B
4996,92.8,A
4997,100,A
4998,100,A
4999,88,A
