weekly_self_study_hours,attendance_percentage,class_participation
18.5,95.6,3.8
14,80,2.5
19.5,86.3,5.3
25.7,70.2,7
13.4,81.9,6.9
13.4,65.1,5
26.1,81.8,5.9
20.4,100,4
11.7,100,8.2
18.8,67.6,6
11.8,82.3,4.6
11.7,75.9,7.6
16.7,77.9,2.5
1.6,92.1,5.7
2.9,90.7,5.4
11.1,87.4,3.9
7.9,85.9,7.7
17.2,74,8.1
8.6,100,9
5.1,91.4,4.5
25.3,89.3,6.4
13.4,93.5,9.4
15.5,100,8.5
5,74.2,5
11.2,96.1,4.9
15.8,81.1,5
6.9,73.6,6.1
17.6,83.9,8.9
10.8,86.2,3.4
13,75,5.7
10.8,76.6,5
28,89.2,6.5
14.9,68.4,7.2
7.6,93,6.2
20.8,85.2,7.7
6.5,86.4,8.2
16.5,86.8,4.6
1.3,92.9,8.6
5.7,93.4,8.3
16.4,76.5,2.6
20.2,85.6,5.6
16.2,84.2,7
14.2,76.5,6.1
12.9,78.7,3.7
4.7,100,3.3
10,83.4,7.3
11.8,89.5,3.3
22.4,85.9,5.8
17.4,79.9,7.6
2.7,77.5,6.4
17.3,93.8,8.8
12.3,84.6,6.8
10.3,90.3,6
19.3,77.7,8.2
22.2,80.2,4.1
21.5,84.1,7.7
9.1,81.4,5.4
12.8,83.7,4.9
17.3,99,6.9
21.8,94.7,6
11.6,80.9,2.7
13.7,89.6,5.5
7.3,68.3,6.9
6.6,85.3,3.4
20.7,85.8,6.8
24.5,82,8.4
14.5,73.7,7.1
22,85,9.7
17.5,83.1,8.8
10.5,91.8,3.8
17.5,82.9,5.2
25.8,82.6,7
14.7,70.6,3.8
26,88.5,9
0,86.4,6.8
20.8,81.6,4.4
15.6,90.1,7.7
12.9,80.4,6
15.6,100,6.1
1.1,81.4,4.3
13.5,69.7,5.5
17.5,64.4,6.4
25.3,85,4.3
11.4,83.4,8.3
9.3,69.7,7.5
11.5,84.1,4.5
21.4,100,4.6
17.3,64.7,8.9
11.3,80.9,4.2
18.6,80.6,4.4
15.7,74.6,3.3
21.8,92.7,7.9
10.1,78.4,4.9
12.7,95.9,6.3
12.3,70.9,8.5
4.8,79.9,4.2
17.1,76.7,7.6
16.8,95.7,5.3
15,80.7,6
13.4,91.1,6
5.1,62.6,8.3
12.1,94.3,2.2
12.6,73.3,4.5
9.4,72.5,5.4
13.9,91.9,9.5
17.8,74.7,4.6
28.2,97.9,6.3
16.2,100,5
16.8,81.5,4.9
14.5,82.3,3.9
1.6,97,5.3
14.8,75.1,5.5
15.4,96.3,5.7
32.2,84.4,4.9
13.7,93.3,5.3
17.1,77.8,9.3
14.8,97.8,5
6.8,70.7,6.4
23,99.6,7.8
20.3,96.1,7.7
20.5,79.3,8.2
8.6,88.4,6.7
24.8,80,6.6
5.2,87.7,6.9
19.1,79.9,3.6
30.3,75.7,1.1
8.1,88.9,4.5
11,87,5.5
15.7,84.9,6.5
11.5,83.8,3.1
4.1,92.4,2.5
15.5,80.1,6.5
7.6,77.9,4.6
18.3,97.3,7.5
8.6,80.4,6.1
25.8,77.7,6.9
9.5,79.3,3.6
12.7,78.3,10
20.7,100,6.1
6.4,84.1,4.8
16.6,70.8,7
24.1,86.1,4.2
3.7,71.7,1.2
16.3,100,5.7
16.8,100,7.8
20.5,94.3,9.7
6.3,89.3,5.6
5.8,69.8,9.7
18.7,92.8,10
17.1,82.5,5.8
16.8,74.8,6.2
17.4,70,8.4
10.2,88.5,7.7
16.6,81.2,4.8
17.1,76.4,3.3
10,90.3,5.5
28.1,100,5.5
18.3,97,6.1
6.7,89.3,4.4
19.6,78.5,10
8.2,93.6,6.8
20.5,96.7,5.5
23.1,93.9,2.1
9.3,97,4.9
21.7,74,4.6
17.9,78.1,6.8
20.8,77.4,3.9
28.3,87.7,3.9
13.3,83.4,7.8
9.7,80.5,9.9
8.8,95,7.2
9.3,88.5,8.7
14.5,79.3,8.1
17.4,93.7,6.9
16.9,84,4.5
20.8,82,7.2
15.1,63.3,4.8
25.2,88,6
13.1,79.1,4.8
34,100,0.6
19.4,94.8,7.4
9,97.2,4.7
7.5,85.6,8.2
18.4,100,9.4
13.4,100,6.4
20,84.5,3.8
18.3,89.6,6.7
14.5,81.9,1.8
9.1,85.6,5.6
4.4,86.9,6.1
11.9,92.4,9.6
21,79.3,6.2
16.5,100,6.9
6.3,75.7,4.1
16.2,81.8,4.7
17.7,89,4.9
8.8,93.2,4.6
16.1,82.7,6.2
15.4,68.2,9.3
7,78.7,5.2
17.5,96.8,8.7
18.9,82.4,5.8
22.6,80.2,5
22.4,77.5,5.1
5.4,78.4,6.4
8.4,87.1,8.2
18.6,98.2,1
18.6,93.9,2.5
18.6,89,2.7
40,68.1,6.7
19,88,7.3
22.9,79.5,5.2
21.7,98.3,7.1
19.6,82.6,8.7
12.8,89.1,2.9
20.3,81.4,7.1
9.6,82.6,6
13.3,80.9,4.6
11.6,71.3,1.9
15.6,85.3,7.6
31.2,95.1,2.1
1.9,78.8,10
19.8,83,4.6
3.7,100,5
11.7,90.1,9.4
22.6,73.5,4.8
15.4,97.2,8.9
7.5,76.3,6.5
10,65.7,10
19.8,84.4,7.6
9.9,94.1,4.5
16.5,99.4,6.7
15.3,76.5,6.7
10.4,95.9,6.3
30,81.2,8.1
19.4,83.3,1.8
0.8,91,4.2
16.3,70.2,7.5
10.4,85.9,4.1
21,96.9,8.9
9.5,81.8,4.9
14.2,87.3,7.1
18.5,86.9,4.7
21.1,88.6,8.5
6.6,96.5,6.5
12.7,77.4,10
11.7,89.4,3.1
10.4,79.9,1.6
27.4,97.6,6.7
17.8,78.1,8.5
6.2,83.9,3.5
21.4,88.4,6.7
29.9,90.6,4.3
22.2,90.5,6.7
4.4,83.1,6.5
11.6,81.8,6
23.9,68.3,7
10,85,4.7
18.1,74.1,3.5
20.4,85.1,2.2
8.5,78.2,7
14.6,66.7,1.1
0,100,6.6
7.8,76.7,5.5
13.2,74,4.4
6.3,89.9,8.8
26.4,74,9.4
5,83.2,5.5
11.9,75.7,3.4
15.9,79.9,1.7
25.1,83.8,5.4
4.9,91.8,6.2
23.1,96.6,8.9
15.1,72.9,2
8.1,81.6,3.9
18.2,72.6,7.1
16.4,82.9,5.9
10.8,77.5,8.7
15.5,74.9,6.2
12.3,74.2,6.9
15.8,74.8,8.9
19.6,88.3,6.5
26.1,100,3.9
6.3,76.6,4.1
29.9,81.2,5.6
1.3,82.9,5.5
13.9,88.5,8
19.1,80.3,4.9
17,92.4,5.7
10.6,83.8,4.4
13.5,92.2,7.4
11.5,89.6,6.3
10.9,88.2,5.2
20.9,76.2,8.1
17.5,92,7
10.1,90,3
21.3,100,6.9
17.2,77.6,6.7
20.7,84.6,10
19.4,93.6,6.2
9.2,89.2,3.9
11.1,90.4,5.9
20.2,70.6,4.7
19.3,91.1,5.8
14.9,97.7,6
15.8,73.4,8.9
23.9,86.1,4.9
10.9,80.5,5.7
18.8,87.2,4.2
13.6,97.7,3.5
13.5,73.9,8.6
22.7,85.4,9.2
20.8,84.2,7.3
20.7,88.8,3.8
24.1,80.4,4.9
15.1,100,1.8
19.8,73.4,2.8
12.8,97.7,8.1
17.3,85.2,6.6
14.1,73.8,5.2
15.7,85.1,7.4
19.2,74.7,6.4
9.3,70.9,6.1
29.6,100,6.1
8,90.2,4.8
6.5,86,8.6
23.1,81.6,3.7
20.5,93.7,8.2
19.4,87.7,5.8
19.4,80.3,5.4
14.9,100,10
8.7,87.3,4.5
15.5,75.8,7.2
10.3,78.2,10
21.8,88.8,7
14,98.7,6.6
9.2,88.3,8
12.8,94.1,7.1
17.9,78.4,5.8
11.1,88.1,7.4
9.2,83.7,2.4
16.7,74.9,5.1
16.7,94.9,10
11.5,78.1,5.8
11.7,97.9,8.2
16.6,100,4.3
4.9,91,6
5.1,79.5,7.9
10,72,6.4
13.5,80,4.4
17.2,85.4,4.9
25.3,85.3,7.6
21,73.6,6.7
13.9,65.4,3.9
14.9,87.1,6.9
8,94.8,6.2
14.9,90.4,7.2
13,92.5,7.8
17.3,90.4,6.4
9.2,82.3,6.9
18.6,100,4.6
25.7,65.4,6.7
14.2,88.1,6
17.8,82.1,3.7
19.8,80,1.9
12.2,97.8,3.5
16.6,89.5,7.2
15.1,99.6,5.6
15.7,91.3,3.1
9.6,94.4,7.5
15.2,88.4,5.7
18.5,97.3,6.4
25.2,100,6.9
21.7,97.8,1.2
30.1,99.7,6.6
9.6,89.8,3.2
21.1,80.3,7.5
16.3,94.9,6
30.3,64.4,4.1
9.3,81.7,3.8
9.1,68.2,2.6
10.8,87,6.3
0.1,100,9
11.3,76.4,6.7
9.7,96.9,10
16.1,76,9.5
17.4,76.8,6.7
28.1,77.2,7.5
21.7,85.5,5.8
11,70.7,5.4
8.7,84.9,4.2
18.4,92.8,4.6
5.8,88,4.8
27.8,80.3,9.5
23.3,90.6,6.3
11.7,92.7,7.5
3,86.6,6.5
24.5,85.5,8.1
14.2,100,7.2
23.7,87.9,6.6
3.8,85.8,4.7
10.8,88.7,4.5
15,91.7,4.4
15.3,82.9,9.9
11.8,73.2,2.7
19.4,67.1,6.5
7.5,87.5,7.6
14,76.5,5.4
15.8,90,4.9
18.6,87.8,4.1
20,83.3,6.5
7.1,83.1,8.3
4.3,77.5,5.9
23.9,70.1,7.7
17.3,91.6,5.5
9.8,94.2,5.6
25.9,79.2,5.7
15.8,90.1,5.7
23.3,66.9,4.6
15.5,98.2,4.7
29.4,91.3,7.9
27.3,83,5.4
13.3,75.8,8.7
21.8,100,7.1
19.5,91,7.2
24.6,93.6,4.9
8.2,85.1,9.9
19.8,100,4.9
22.4,82.9,4.4
2.7,88,5.1
6.7,90.2,4.2
0.7,89,6.8
13.1,93.6,5.3
20,80.1,2.2
25.5,95.1,6.7
15.5,91.8,4.9
26.4,90.4,6.3
5.3,97,3.7
3.1,78.2,3.8
14.6,81,5.5
17.7,90.2,6.1
14.8,95.8,7.9
0.5,89.4,8.9
14.4,97.7,6.4
5.9,89.5,8.3
19.7,81,7.8
17.6,84,5.5
8.4,95.8,6.2
11.4,95.8,7.2
7.6,61.6,8.4
14.6,92.6,2.8
21.7,80.6,8.4
8.1,99.4,4.8
18.5,94.1,8.1
11.3,92.8,7.5
9.4,88.3,6.6
14.3,83.4,5
7.8,89.2,6.4
11.1,76.4,4.3
6.6,99.9,4.2
28.8,70.1,3.9
15.2,100,3.5
10.1,100,4.9
16.5,78.7,5.9
14.2,81.9,6
13.5,96.6,4.9
19.3,72.7,7.2
20.3,89.4,4.9
11.3,97.7,5
11,96.7,7
13.1,82.8,8.9
0,97.2,3.9
4.4,88.1,4.5
24.6,98.7,5.5
26.5,77.8,6.3
13.3,79,8.2
19,94.1,6.1
17.2,98.3,5.3
36.6,77.7,5.2
22.8,89.4,5
14.1,80.7,6.2
8.3,78,5.5
3.8,88.3,6.5
16.4,84.5,3.7
9.7,79.7,4.8
5,74.5,6.5
10.5,52.5,4.4
7.4,84.7,4.2
26.8,72.8,6.4
21.2,82.5,9.3
14.9,96.7,8.4
25.4,78.1,5.4
15.5,70.6,8.4
9,90.3,3.4
25.7,88.9,6.6
18.8,83.2,7.7
7.7,81.4,5.3
13.7,87,5.6
8.9,87.4,4
5.3,74.2,8.9
21.5,99.4,2.8
28.4,78.6,5.8
5.2,67.6,6.2
18.9,82.7,3.6
10.4,73.6,3.6
11.6,98.6,5.9
10.9,83.9,4.5
9,92.6,6.7
15.3,94.6,8.4
9.2,87.1,2.4
16.9,100,3
14.6,91.1,8.7
13.3,85.4,0.9
8.6,88.3,9.3
11,76.1,6.1
20.3,75.4,5.2
18.5,93.7,5.5
8.2,85.4,3.9
15.7,94.4,8
20.3,98.4,5.2
3.3,90.4,6.3
18.8,98.8,5.9
10.4,60.2,7.7
19,85.9,8
9.7,85.1,7.6
2.4,77.1,6.6
3.6,86.1,5.8
15.3,76.4,8.8
16.8,91,6.8
8.7,83.1,6.6
19.5,77.4,5.3
3.4,90.9,4.4
14.5,100,4.7
6.5,81.6,6.6
10.4,83.7,6.1
15.3,88.2,8.9
9,82.4,7.5
12.3,86.8,7.1
22,74,4.5
11,73.6,9
20.8,81.3,6.2
7.1,81.6,4.5
18.7,87.9,7.3
25.1,90.6,6.9
0,75.7,6.8
9.4,84.1,4.8
19,80.5,6.3
13.6,94.1,8.2
17.6,74.9,7.5
10.8,94.3,7
15.6,90.9,6
13.9,86.3,5.6
23.2,82.3,8.7
16.8,78.2,7.9
17.4,75.7,4.7
12.1,100,6.7
11.6,89.1,9
12,80.6,7.7
17.8,73.9,4.2
12.1,67.1,3.3
17,79.1,4.8
29.5,94.1,2.5
21.1,79.6,7.1
12.7,76.7,7.6
23.4,84.8,8.4
12.1,80.1,9.8
0.7,94,6.1
7.9,68,7
1.9,97.1,8.5
12.5,88.3,5.9
15.1,100,5
26.7,76,4.1
17.3,76.1,6.6
13.5,79.3,6.5
20.8,77.4,6.4
0,82.6,8.4
16.6,75.8,8.5
20.4,100,3.8
4.6,75.5,6.6
23,93,7.6
17.4,92.8,5.1
12.1,75.1,4
19.4,89.4,3.6
30.9,100,7.1
16.3,74.3,6.4
16.7,79,5.4
11.8,89.6,3.9
9.1,80.8,3.1
20.8,80.6,5.3
9,85.2,4.3
15.5,81.6,7.6
11.7,77.2,6.3
18.4,79.1,2
17.3,98.2,4.7
22.3,91.5,4.5
11.4,87,8.9
13.1,63.1,4
8.1,84.5,4.6
11.9,65.9,4.7
17.6,93.8,7
20.3,69.7,3.6
8.5,81.2,10
21.1,99.7,6
24.5,80.9,8.2
17.9,80.6,6
28.1,97.7,6
9.6,83.5,6.9
6.3,78.5,6.8
2.5,94,7.6
25.5,80.4,5.2
19.6,75.5,10
14.6,72.6,7.3
17,93.8,7
7.1,100,6.3
32.1,78.9,4.7
15.9,90.2,7.6
15.8,92.5,3.3
20.1,79,8.9
18.4,100,8.5
16.6,91.6,4.9
9.5,79.8,4.7
18.3,89,9
28.2,78.6,5.8
24.4,92.7,4.3
26.2,77.9,4.6
11.4,90.2,6.9
8.1,77.5,5.2
14.1,85,5.3
15.4,82.3,5.4
22.7,89.6,5.7
3.2,86.8,4.4
25.7,94.9,4.4
13.9,80,7.2
12,92.4,5.6
7.9,71.9,6.9
3.4,77.7,6.4
20.8,87.1,8.6
15.5,100,5.4
6,91.7,5.3
5.9,74.6,6.5
12.6,100,8.4
26.7,100,6
13.2,85.6,7.9
4.5,73.1,5.3
13.3,70.8,6.6
13.1,90.4,5.6
0,80.5,6.7
14.6,91.4,6.5
13.4,91.3,1.8
19.9,94.1,1.9
27.9,74.4,6.1
22.9,89.2,6.2
13.1,75.2,4.4
7.3,100,6.4
33,85.3,5.7
15.4,76.3,7.4
15.1,77.8,6.9
14.8,89,6.3
16.4,86.7,6.3
14,85.6,5.3
11,84.3,4.1
11.2,79.6,0.8
14.8,89.5,8.6
11.2,93.5,7.8
10,75.6,6.1
15.7,93.5,7.8
13.2,100,6.6
25.5,81.7,5.3
0,86.4,4.5
22.6,83.7,5.9
23.7,84.7,5.8
0.5,82,6.8
12.6,77.7,4.4
12.4,90,7.4
5.1,88.4,6.2
9.6,78,6.1
7.2,81.4,4.1
27.3,88.2,6.6
21.5,81.2,9.7
23.9,74.2,10
20.1,82.8,5
7.1,91.7,6.2
11.3,90.3,7
18.4,90.2,8.3
6.4,69.1,5.7
20,84.5,7.9
13.3,57.2,8.2
12.4,78.5,4.4
20,84.6,6
18.1,75.7,3.1
12.5,64,6.6
23.1,80.8,10
7.4,100,4.1
19.3,97,6
19.2,84.3,5.2
12.8,94,5.9
17.3,75.5,9.4
6.2,82.5,3.1
21.5,71.9,8.7
13.7,100,6.9
11.3,100,2.8
22.3,78.9,3.4
10.1,94.6,8.9
5.1,81,3.4
4.1,68.5,5.4
19.2,100,7.9
6,62.4,5.1
27.3,89.8,4.7
0.4,91.7,5.4
26.9,74.4,10
16.5,88.5,2.7
14.3,93.9,8.4
11.2,89.9,8.5
17.8,82.3,2.7
14.7,91.2,9.2
22.7,79.3,4
15.8,100,3
16.1,100,5.9
12.5,82.9,4.6
14.6,81.4,5.4
17.2,99.6,5.7
3,91.5,9.1
5.6,68.4,3.3
20.2,95.3,5.3
16.2,71.3,4.5
13.7,69.9,5.3
15.1,92.9,3.6
17.4,64.5,8.2
11.2,98.2,5.9
9.6,96,7.5
16.4,91.7,7.8
8.2,93.2,3.8
17.9,80.8,3.9
3.1,88.7,3.5
22.2,91.4,7.1
18.3,88.2,3.9
16.8,95.6,7.4
21.9,86.5,8.4
26.7,60,5.1
22.1,94.4,5.5
2.1,70.4,4.6
6,71.4,6.4
10.6,70.8,5.7
15.2,80.8,5.8
18.6,88.3,6.2
9.9,75,4.3
16.3,64.5,7.3
9.7,85.6,4.6
10.7,100,3.4
5.2,87.8,6.4
8.5,82.2,6.6
5.5,64.4,4.4
8.2,93.4,6
22.4,77.3,7.6
8.4,79.1,6.7
33.4,78.4,6.7
18.5,80.7,6
16.3,69.5,9.8
9,96.7,7.3
19.9,81.7,6.4
11,92.9,6
15.9,80.6,4.6
32.9,100,2.9
14.3,88,5.7
23,89.2,4.6
10.1,63.8,3.1
14.8,86.9,4.8
27.4,82,4.1
10.6,76.3,5
27.7,73.8,9.2
20,78.6,6
11.1,83.8,6.9
19.4,81.4,7.9
21.8,88.7,6.5
19.4,78.6,8
4,92.1,6.6
9.9,95.3,7.6
13.3,91.1,3.4
14.5,86.2,3.9
19.3,83.8,5.6
16.2,93.9,4.8
5.7,91.7,7.8
17.7,84.4,5.8
19.3,80.6,5
18.9,89,5.4
22.6,84.4,1.6
20.8,88.2,5.2
18.2,78.9,8.3
14.5,75,3.6
3.4,91.5,2
18,69.9,5.8
16.5,95.8,10
16.9,90.6,3.5
6.1,94.1,5.3
7.4,97.7,6
22.4,86.4,6.6
14.7,82.6,4.4
19.8,73.6,7.4
15.2,81.7,4.4
15.2,72.5,6.4
21.6,73.2,7.5
11.4,74.1,4.5
15.7,93,6.2
11.8,83.6,6.2
12,86.6,6.8
12.8,77.6,9
16.6,72.1,4.8
11.6,79.2,8
23.8,100,5.3
8.7,90.1,4.2
13.7,95.7,6.2
11.9,85.8,6.2
25.1,84.2,6.4
16.4,85.6,4.8
22.2,57.4,6.1
4.6,93.4,5.5
16.9,64,5
21.2,81.8,4.9
15.6,65.4,4.4
22.5,91.4,5.6
11.4,79.3,2.3
24.9,97.8,3.5
31.1,86.7,7.1
12.5,92.7,7.9
11.9,78.9,6.8
25.2,68,4.9
26.1,92.7,5.9
11.3,81.2,7.5
12.1,98.9,7.2
13,64.2,5.4
5.6,76,9.1
8.6,59.9,7.2
8,79.4,4.8
9.6,89.3,4.7
14.8,83.7,7.5
16.6,88.9,4.6
25.9,86.2,9.1
8,68.7,9.8
21.9,87.9,6.9
13.5,94,5.8
14.7,79.6,2.5
19.7,85.9,5.6
7.1,75,4.8
17.7,100,8.8
16.2,67.9,5.7
18.4,77.4,5.3
17,85.8,4.7
32.2,90.5,7.2
10.5,77.8,4.3
11.3,79.8,8.1
10.6,89.2,5.3
11.1,69.4,6.8
10.5,91,5.8
23.3,100,4
24.9,88.9,4.8
11,100,5.9
9.2,79.4,8.3
18.3,96.1,5.1
11.1,90,7
19.4,77.9,6.9
16.4,83.3,5.3
4.4,82,5.1
25.8,75.6,7.4
27.6,95.7,4.3
10.7,75.4,6.4
12.3,100,8.2
17,79.6,10
17.3,87.5,5.3
19.6,76,7
29.1,92.6,1
13.8,77.4,6.7
9.4,100,6.6
5.3,96.7,6.5
9.9,97.1,6.2
14.8,88.1,6.2
27.6,86.1,8.2
11.4,95.3,7.9
16.6,94.2,5.8
14.9,75.6,7.6
23.3,84.4,6.9
32.7,81.8,5.3
11.3,89.6,7.6
11.6,96.5,5.4
22.3,85.6,6.2
19.8,87.6,6.5
27.9,96.3,6.2
19.1,70,4.9
12.5,73.1,6.4
19.1,97.6,5.5
22.8,79.9,5
20.7,92.7,6
18.6,78.7,5.5
22.5,93.6,8.5
23.2,84.2,8.2
24.7,76.6,7.7
19.5,96.5,6.9
13.8,89.4,4.6
16,79.2,9
23.4,87.4,4.1
9.3,71.1,7.3
17.6,78.6,2.5
12.2,72.3,4.5
15.2,87.1,5.4
23.9,72.9,5.6
16.3,73.1,1.9
15.3,87,1.6
5.5,79.6,4.5
20.2,100,7.2
19.5,78.9,0
30.1,81.8,2.9
12.8,77,6.2
16.5,81.7,5.4
16.7,83.5,9.5
26,73.8,8.9
14.3,78.7,8.5
17,75.6,4.4
19.3,87.4,3
16.3,84.3,1.6
11.9,69.5,5.1
16.4,90.4,6.5
22.5,80.7,6.6
7.8,90,8.9
15.9,76.5,2.8
10.1,92.1,9.8
23.4,89.3,5.1
4.3,80.2,6.1
11.1,93.1,6.7
17.6,69.1,4.6
26,88,8.8
14.5,85.7,6.5
11.1,60.5,6.5
28.2,91.5,5.1
4.9,67.1,2.1
0,86.7,6.2
18.1,87.1,9.5
11.5,93,3.2
7.9,87.5,4.1
20,68.2,6.2
16.7,98.6,7.4
11.1,80.3,6.4
6,90.4,7.9
21.1,76.8,8.1
19.6,70.4,6.3
14.3,99.1,7.6
27.9,87.7,8.7
7.5,88.7,7.8
4.3,97,9.2
10.2,80.3,5.5
14.7,83.8,5.3
16.7,83.1,6.3
13.3,91.7,8.5
17.5,78.2,5.9
6.2,70,8
25.1,92.8,4.8
14.4,82.7,7.2
22.8,68.9,7.1
17.4,97.6,1.8
18.2,91,8.1
19,70,2.7
18.1,91.5,5.3
19.5,70.3,8.5
24.3,95.4,3.9
16.4,90.9,6.2
20,80.8,4.7
14.4,96.9,5.3
25.1,80.3,4.4
10.3,81.8,5.5
27.6,87.4,3.4
14.7,75.3,3
5,82.1,4.1
15.9,91.3,6.8
10.2,94.7,6.3
20.9,87.2,2.8
10.4,75.6,2.6
11.9,79.5,5.3
1.8,77.2,8.7
11.8,67.7,5.7
0,95.6,3
3.9,68.8,7.7
20.3,100,6.6
20.5,78.1,3.7
18,69.7,6.6
8.2,75.1,6
14.7,95.3,8.7
15,86.3,2.8
6.9,85,5.8
25.5,88.4,8
21.1,86.6,7.6
13.5,80.5,5.5
15.2,77.9,5.7
16.5,50,6
0.7,97.8,5.4
13.3,92.4,5
10.2,77.6,4
8,94,5.4
13,72.5,3.2
27.6,92.9,6.5
19.5,70.2,5.5
11,76,4.4
19,86.8,7.4
24.8,70.7,5.6
21.5,96.1,6
15.4,93.3,5.4
10.5,91.3,1.2
19.9,87.4,7.1
17.8,93.2,8.2
21.3,83.7,4.1
19.4,70.4,7
22.3,72.9,6.5
11.3,89.8,4.9
24.2,97.8,4.4
16.4,92.7,6.9
29.5,67.6,7.5
10.2,88.6,5.3
27.2,83.8,4.2
16.4,99.6,6.4
10.4,79.5,3.8
11.6,88.9,6
12.8,94.2,5.6
18,73.6,2.6
18.7,68.3,2.2
11,70.8,0
14.8,58.4,6.7
30,80.3,3.6
27.1,93.7,4.7
18.1,82.9,3.5
15.3,93.7,3.5
15.8,77.8,8.9
19.3,78.3,5.3
7.8,65.5,7.7
13.2,85.6,3
3.3,85.1,7.1
17.8,100,5.3
19.5,86,4
11.6,75.9,9.4
26,70,6.1
6.4,89.1,9.9
4.7,96.1,5.5
16.6,86.3,6.9
22.3,88.3,9.8
26.8,82.3,6.1
11.8,77.2,7.8
22.6,83.5,7.7
14.7,94.2,4.1
13.8,95,5.6
21.2,78,10
19.6,96.3,4.6
4,89.6,2.4
25.3,82.1,1.5
24.7,84.9,7.9
10.6,79.9,2.4
17.8,88.9,5.7
18.5,79.7,8.1
16.8,100,4.5
11.1,79.4,3
10.3,74.9,6.9
14.8,87.7,10
23.2,94.7,3.1
18.8,82.1,8.2
12.4,85.4,6.4
20.4,83.7,3.3
0,83.7,9.7
23,77.5,7.7
2.8,75.9,8.6
12.5,79.1,4.9
7.2,73.1,5.8
5.9,76.5,4.9
23.1,86.6,8.4
11.7,84.9,9
17.4,74.3,2.2
14.7,77.4,6.6
18.3,100,1
15.5,86.2,5.2
6,81.1,6.5
22,94.7,6.8
11.5,86.2,6.3
4.1,82.3,6.1
12,71.2,6.3
25.5,88.1,5.4
21,87.2,6.5
12.6,67.5,2.7
12.6,77.1,4.3
12.7,90.6,3.9
29.5,62.3,7.7
17.7,97.5,4.2
18,78.2,6
22.2,78.7,6.1
16.7,95.4,7.5
13.2,76.1,1.8
13.6,80.6,8.7
14.5,83.3,7.7
14.7,94.9,4.5
20.1,88.8,4.1
15.4,64.1,1.9
20.1,100,8.9
14.4,69.9,6.2
15.6,91.3,6.7
1,95.3,8.4
21.4,100,5.3
17.4,68.2,6.6
22,77.3,9.4
0,84.2,7.6
29.6,76.6,4.2
14,85.9,7.2
22.8,74.6,6.9
7.7,87.2,6.8
19.3,85.3,5
7.6,100,3.4
10.6,92.6,8.5
28.4,95.9,4.3
13.7,88.6,5.7
16.5,80.4,6.3
21.1,90.5,3.4
18.5,80.2,5.9
16.1,75.1,6.5
17.6,89.7,8.6
31.8,100,4.9
14.6,91,7.2
16.4,99.3,10
22.4,90.7,8.7
22.7,100,9.8
23.3,97.4,6.3
19.5,98.5,7.3
7,87,5.9
26.4,91.1,5.4
7,82.7,4.8
17.1,76.6,3.4
9.7,80,9.6
14.6,81.9,8
17.3,76.8,7.3
17.2,85,9.5
18,97.4,5.8
26.3,84.8,3.9
18.2,63.2,5.5
13.3,79.3,4.8
21.7,83.5,4.3
23.3,100,4.4
6.4,78.2,7.3
19.2,77.6,2
19.9,83.4,5.7
12.9,88,2.9
24.6,72.8,4.9
13.9,88.2,2.9
15.9,89.2,9.6
13.8,78.1,5.1
15.1,88.2,9.5
7.3,73.5,4.3
4.9,76.9,8.6
26.2,77.9,5.8
9.1,78.6,7.2
8.1,82.3,5.4
0,80.9,7.4
10.5,74.2,9.8
5.7,100,3
26.5,81.4,6.6
22.1,82.3,5.7
10.2,99,2.5
30.8,100,4.9
21.9,85.9,4.3
12.7,90.9,4.6
0,81.8,3.7
31,75.3,9.5
5.3,84.1,4.3
3.5,85.3,7.2
22.2,85.9,5.9
32.1,100,4.4
24.7,83,7.4
18.9,73.6,9.3
19.2,76.3,8.9
21,82.6,5.3
20.3,64.2,3.4
17,63,3.7
15.7,84.6,6.2
14.6,82.9,4.3
9.7,80.8,5.7
13,82.7,5.3
3.1,84.6,4.8
14.3,68.9,7.1
8.1,81.5,6.8
7.3,86.5,9.5
16.3,90.9,8.2
24.7,72.3,6.3
21.4,100,3
4,83.4,5.7
8.1,83.5,1.1
21.6,99.4,10
8.1,70.6,3.1
13.4,81.3,3
18.9,90.2,5.1
8.2,74.7,6.9
15.7,78.3,7.9
5.7,76.5,7.4
10.8,90,2.3
17.2,92.3,8
3.8,78,6.3
18.1,74.9,7
14.9,89.1,4.1
18.9,85.3,7.2
16.6,91.9,4.4
24.5,85.5,6.6
15.9,65.4,3
12,88.3,6.3
15.9,86.1,6.6
18.8,88.2,3.1
15.3,93.1,4.4
15.3,94.5,10
10.1,85,6.5
10.4,92.5,7.3
5.2,76.8,9.4
27.2,69.4,7.1
6.3,76.2,5.8
10.1,64,6.9
10,82.2,3.2
21.3,71.8,6.3
12.9,88.2,6.6
23.7,71.5,5.5
10.3,68.5,5.5
17,100,5.8
9.2,82.7,0
30,82.2,2.9
6.7,95.7,5.5
17.2,66.8,4
19.4,69.8,6.4
17.9,79.5,0.4
13.7,81.3,5.7
14.1,89.7,8.1
15.3,72,6.7
14,87.3,5.5
21.7,71.2,4.1
30.5,82.5,5.2
11.1,93.1,8.4
5.4,64.8,3.6
14.4,77.9,6.3
33.1,66,7.9
9.4,94.7,2.3
26.5,88.1,5.9
26.7,89.2,5.9
11.1,92,7.4
19,78.4,5.1
26.4,74.4,5
12.3,91.8,5.1
13.6,71.8,7.5
10.9,82.3,7.7
7.9,84.7,7.5
10.5,68.3,5.9
6.4,94.4,5
15.2,89.1,4.7
9.6,66.3,6.4
16.6,85.1,7.2
4.1,87.9,7.3
17.3,93.4,6.3
20.8,90.3,9.5
1,74.2,4.3
17.6,61.9,6.1
23.6,97.3,4.9
6.5,73.7,5.4
26.7,81,5.2
17.9,80.3,5.1
10.1,72.3,8.1
14.6,100,5
18.9,66.1,10
15.5,73.5,8.9
18.8,71.4,4.3
8.6,85.2,6.1
16.2,86.4,4.6
5.1,85,4.4
14.2,88.9,8.6
8.7,58.9,6.9
9.9,89.7,4.9
23.7,91,6.5
22.6,98,6
19.3,62.9,6.5
7.4,86.9,8.4
12.8,100,6
23.5,86.4,6.7
16,94.6,6.6
31.2,92.7,7.2
17.8,90.5,6.6
16.3,76.4,5.7
12.8,77.8,7.4
15.9,88.4,7.8
13.9,82.8,10
20,81.1,4.4
21.7,80.9,5.1
9.5,78.1,5.6
5.7,90.1,7
2.1,86.1,3.2
18.6,94.2,7.8
7.3,93.6,7.6
0,86.4,8.2
17.7,86.2,8.9
32.5,100,10
15,100,5.6
20.9,78.6,4.6
15.6,76.5,6.7
14.3,100,7.4
21.4,77.1,5.5
13,89.4,9.1
16.9,76.6,8.7
17.3,87.9,8.3
10.3,85.1,7.4
21.9,91.2,7
13.8,81.3,7.9
9.7,93.5,5.1
18.8,60.6,10
8.7,81.6,5.3
15.2,79.2,8.7
14.9,83.5,6.3
22.6,70.8,4.4
18.3,73.8,7.4
14.8,69.4,7.5
20.7,87.1,7.9
24.7,100,4.7
18.9,75.2,7.9
15.1,100,8.1
5.8,84.1,6.7
7.5,80,6.8
12.9,81.2,8.3
10.7,96.3,6.7
13.7,83.4,3.4
15.4,92.8,8.5
18.7,86.3,1.9
14.5,81.3,4.7
18.4,80.5,5.9
15.5,74.7,6.4
1.2,81.8,5.8
8.4,85.2,6.9
14,89.7,6.3
6.5,91.1,6
19.2,85.1,4.4
25.7,78.9,6.3
23.5,96.4,5.4
13.5,77.4,5.9
25.4,68.5,5.1
16,85.2,7.9
12.6,63.7,4
10.7,98.2,8.1
12.9,88.6,4.7
12.3,93.8,7.2
16.2,87.2,5.8
16.1,89.6,5.9
15,73.7,4.4
18.1,89.6,3.9
23.3,62.7,3.9
21.6,91,10
4.6,83.3,3.7
0,75.1,7.9
21.5,80.4,1.7
5.4,84.4,8
13.4,88.2,8.4
6.8,79,3.7
2.4,97.4,6.9
18.8,100,5.6
20.3,75.6,3.6
11,70.3,6.2
0,76.9,10
11.2,84.6,6.6
17.7,91.4,5.8
4.6,82.9,8.2
16.3,86.5,5.2
14.9,78.7,8.2
19.1,83.8,2.9
15.8,82.4,3.6
8.2,71.8,8.5
23.4,100,7.6
13.9,83,2.8
14.8,95.5,4.3
8.5,75.9,4.9
11.9,78.6,6.3
8.8,94.5,7.3
13.8,77.9,3.8
27,92.7,10
5.4,80.8,6
3.7,90.2,6.5
25.3,72.9,4.5
13.5,83.6,5.3
10.3,95.6,6.7
22.3,78,5.2
10.8,89.4,5.5
27.8,89.7,4.4
19.7,87.9,5.1
11.6,91,7
30.1,72.7,7
10.8,64,4.9
20.2,91,4.9
17.1,87.8,5.5
24.1,71.3,3.9
25.9,88.4,8.8
15.2,85.9,4.5
9.7,83.7,5.4
18.2,84.6,5.2
10.3,83.2,10
29.1,75.4,1.4
16,79.7,7.7
12.4,83.4,4.1
16.3,100,7
5.6,99.2,7.9
8.2,99.3,7
23.4,88.8,0.6
10.4,96.5,3.6
7.7,56.1,4.6
18.8,76.8,8.7
23.3,84.2,7.8
20,90.9,5.5
22,84.2,6
9.7,64.4,4.8
5,96.4,3.6
25.5,74.8,5.6
12.7,84.8,5.8
13.2,87.9,2.8
24.3,91.8,9.8
18.9,88.8,5.7
18.2,82,3.5
30.2,76.2,7.1
10.5,89.7,7
21.5,81.2,7.3
15.4,86.5,4.8
16.9,67.8,8
25.7,89.7,7.2
18.6,81.2,5.6
18.8,74.1,4.9
22.5,90.8,4.1
12.4,79.7,7.7
9.1,78.7,9.7
7.7,72.6,7.6
1.2,90.6,8.1
29.4,93.1,7.5
7.3,76.8,4.9
13.5,90.5,4
13.1,69.1,8.6
17.2,83.6,3.9
20.7,79.2,7.8
21,78.9,9.1
10.9,97.9,5.1
13.8,90.3,4.5
17,76.4,4.3
13.3,83.3,7.7
26.3,91.1,4.1
18.4,91.5,2.1
20.1,81.6,5.4
19.6,87.7,7.2
23.2,89.9,1.7
16.3,70.5,8.4
5.9,79.7,7.5
17.8,90.4,3.7
10.4,68.1,6.8
11.3,92.5,5
19.1,81.6,6.7
23.7,82.8,4.6
15.1,79,6.1
17.2,74.2,5.6
26.9,92.5,5.2
16.7,69.9,8.3
33.2,70.7,4.5
19,79.9,7.7
2.7,85.9,6
20.3,93.5,4.9
17.7,84.8,8.6
24,83.5,3.3
19.7,78.6,2.2
14,86.1,6.1
6.4,73.6,5.1
13.5,73.8,4
9,78,4.5
10.9,92.4,3.1
19.1,79.3,8.5
26.7,75.8,7.2
17.8,93.2,5.7
6.6,100,6
18.1,81.3,4.5
23.4,84.8,6
10.7,76.6,10
14.1,88.1,3.2
15.1,71.9,6.4
9.5,93.9,2.2
19.5,80.8,6.6
14.2,81.4,4
17.9,79.7,2.8
8.8,87.3,8.3
11.9,84.9,2.4
20.1,100,7
12.4,91.1,9.1
27.1,68.4,2.6
12.2,77.8,4.4
16.6,87.7,4.5
21.5,100,4.9
5.1,75.6,7.8
2.7,99.9,6.9
4.3,73.1,6.8
23.8,89.7,4.4
11.1,91.4,6.3
32.9,91.6,4.8
11.1,96,3.1
16.3,86,4.3
25.8,89.2,5.4
29,85.5,4.5
29.4,81.1,7.7
23.5,96,1.5
22.2,74,5.7
19.1,84.3,4.1
20.4,80.5,5.6
11.1,81.1,6.4
9.3,70.3,8.5
15,74.3,3.5
13.8,79.8,3
11.8,86.8,5.5
19.9,78.5,5.5
21.7,83.3,6.5
15.6,80.6,5.7
25.3,86.2,4.8
7,78.2,7.2
13.6,86.6,4.1
10,79.7,3
1.9,98.3,5.3
14.4,94.3,7.7
14.1,82.2,4.4
25.6,96.1,3.1
19.4,73.1,6.2
7.8,91,9.2
28,87.5,7.9
23.5,76.3,5
19.1,89.2,2.1
13.4,87.3,8.2
8.3,100,5.7
12.4,96.5,9.1
22.6,83.2,1.4
28.2,99.1,5.5
25.8,70,9.7
11.6,86.2,3.1
7.2,74.6,7.4
16,100,3.9
2.6,100,4.5
17.3,81.9,6
14,82.8,8
11.7,81.3,4.4
3.8,88.5,6.6
18.6,72.4,9.5
11.3,94.1,6.6
6.8,80,7
0,96.5,6.2
14.8,73.9,1.6
27.4,73.9,5.5
26.6,96.1,6.9
11.8,98.8,10
10.8,80.2,5.3
18.3,82.7,4.6
8,83.5,6.6
17.1,93.2,10
20.4,84.9,4.2
23.6,76.9,9
14.3,87.3,6.4
13.6,98.4,2.6
8.9,93.2,9.2
9.2,92.9,7.8
13.4,83.3,6.4
17.6,66.4,3.4
21.4,98.4,7.5
9.4,83.4,3
25.4,92.3,2.1
13.1,58.2,5.9
14.9,90.7,2.2
9.8,96.7,2.8
0,81.6,7.2
21.2,79.2,9.2
20.2,91.1,7.2
13,80.9,4.6
15.5,70.1,4.8
18.6,93,5.3
4.1,96.1,4
11.3,96.4,5.2
20.6,93.5,8
6.2,86.6,4.2
17.1,83.2,3.8
5.5,91.4,1.6
18.3,98.6,8
14.8,74.3,5.7
3.7,77,6.5
23.2,80.2,6.2
9.9,88.3,4.2
9.3,84.5,6.7
16.4,94.6,8.1
23,88.6,5.2
7.9,69.6,6.5
15.4,66.3,8.6
18,91.5,3.4
19.9,100,6.1
16.2,76.4,4.1
12.4,90.8,8.7
9.2,84.7,3.1
15.6,100,2.8
7.5,86,6.3
0,84.6,8.2
18.1,93.5,5.2
21.3,94,8.8
0,90,7.4
7.9,98.5,3.6
19.3,93.8,6.2
29.4,100,6.2
15.1,71.5,6.6
9.9,74.8,8.6
13.7,86.5,7.6
24.6,72.5,7.5
10.5,82.5,5
9.4,79.1,5.6
11.6,88.6,6
8.3,78.8,6.1
15.9,78.5,6.5
26.4,84.8,8.6
17.3,86.7,6
13.2,63.8,9.8
13,92.8,6.7
4.1,85.3,8.9
21.2,91.2,4.9
14.5,90.2,9.1
13.7,70.3,6.1
37.4,81.5,0
17.1,84.6,3.6
9.7,83.4,7.2
12,75.3,2.6
23,74.3,5
15.8,86.2,8.4
4.9,100,10
21.4,75.7,7.8
10.3,88.6,3.7
28.1,100,3.4
22.6,86.2,6.7
11.9,100,5
24,100,3.4
15.5,100,7.7
21,91.9,5.4
18.4,100,6.4
9.1,91.1,6
10.5,98.7,5.2
22.2,81.1,8.1
12.7,96.3,5.9
12.2,89.5,6.2
8.3,78.8,6.1
18,76.3,5.7
29.4,89,9
7.5,97.4,7.9
15.2,87.7,5.7
24.9,100,7.4
14.4,81.6,6.5
18.2,79.3,4.4
7.6,74.7,7.1
18,92.4,3.6
13.7,93.3,5.3
21.9,89.4,10
23.3,95.7,5.3
33.1,83.8,7
19.1,85.9,5.6
17.3,96.9,2.9
16.4,86.6,4.3
12.5,83.6,3.9
17.4,72.5,5.8
12.9,81,2.5
16.2,81.5,4.2
24.2,76,7.7
8,93.1,7.1
23,70.4,5.5
24.2,95.8,5.6
14.2,77,6.5
0.1,91.9,7.6
10.7,80.2,2.5
24.1,100,7.1
14.8,97.9,2.2
8,87.4,4.5
11.5,100,7.2
20.9,94.1,1.4
18.8,92.9,5.4
13.3,98.6,5.2
12.4,54.1,6.8
12.3,90.9,4.6
8.5,88.7,4.2
26.3,97.3,2.1
12.7,77.8,6.4
23.5,86.6,7.7
25.6,90.8,9.2
22,68.6,8.3
12,90.8,4.6
17.8,70.8,5.6
14.8,100,5.8
8.7,85.8,6.8
17.3,69.7,8.2
6.7,86.2,7.1
23.3,90.6,4.1
11.7,90.7,5.3
16.4,83.4,5.1
17,64.4,8.5
13.2,73,6.7
19.1,89.7,10
11.7,84.4,5.1
21.1,75.8,4.3
5.6,80.4,7.4
15.9,84.2,5.6
28.6,80.6,7.1
8,60.6,4.7
10.3,71.1,8.9
18.6,79.3,2.9
16.3,85.5,4.6
17.5,78.7,5.8
18.4,87,4.8
19.4,93.9,5.2
22.8,100,8.5
17.9,78.2,4.7
13.3,100,4.4
19.7,77.3,4
28.3,90.9,6
14.1,90.5,6.9
8.2,85.4,8.7
22.7,75.3,6.3
14.2,78.3,6.7
0,96.4,6.8
20.9,95.2,3
11.3,81.3,5.6
14.4,75.6,5.6
17.3,85.7,8.3
16.3,94.2,4.6
20,67.3,7.6
12,91.6,4.6
18.6,83.2,7.7
13.2,100,6.4
20.2,75.4,5.6
19.3,79,5.8
8.5,87.3,5.3
22.6,84.8,7.3
11.2,87.5,8.2
20.7,94.1,6.2
17.6,90.8,7.2
27.9,76.9,4.1
13.4,79.5,8.6
12.6,92.8,4.8
14.9,83.5,7.1
12.9,91.3,5.6
20.6,70.8,4.9
3.7,79.8,4.7
7.6,100,4.4
7.5,76.5,4.8
21.7,75.5,6.3
27,82.3,4.8
14.3,87.6,2.7
13.8,88.2,9.7
15.5,92.9,6.7
23.1,72.5,8.3
8.5,73.4,3.6
16.7,75.5,6.6
21.8,91.5,6.5
18.5,77,7.3
16.3,95,6.5
22,67.2,9.4
0,89,6.1
19.7,84.5,6.8
10.4,98.1,6.5
2.2,95.2,5
18.6,89.1,5
24.6,100,7.1
14,86.1,4.9
21.7,95.7,7.7
26.3,82.3,5.9
24.2,91.9,6.3
26.5,74.2,4.7
20.2,80.6,5
15.5,82.4,9.2
3.8,74.1,8.9
13.3,73.5,4
9.1,75.5,5.4
30.2,82.7,8.6
13.8,100,5.3
15.9,88.6,0
18.9,93.9,3.4
15.3,84,5.7
26.9,98,5.2
10.6,93.7,7.3
16.4,76.6,3.9
9.8,86.9,9.6
5.8,79,8.5
10.7,95.6,8.2
14.7,77.1,6.9
12,90.2,7.3
10.2,88,8.9
5.2,91.5,4.6
14.4,90.9,4.6
4.5,100,5.7
20.3,85.2,6.2
15.6,79,6.6
4.8,81.4,7.1
12.8,79.9,6
9.7,72.4,7.9
17.2,88.7,6.6
24.4,70.3,4.8
1.9,95.8,4.3
15.8,87,6.5
13.9,84.6,4.6
19.7,93.1,5.9
16.5,67.3,9.8
9.7,74.4,6.2
12.8,77.3,4.3
9.4,72.9,3.8
22.5,98.7,8.7
15.1,88.1,6.1
28.3,81.9,8.6
14.6,80,4.5
10,100,5.8
4.4,78.7,9.5
2.4,84.3,7.8
3.9,86.4,10
16.9,74.5,3.9
18.6,84.5,2
3.9,79.3,5.4
21.3,89.9,5.8
11.6,98.8,8.6
16,86.7,3.3
26.3,81.8,8.2
21.3,84.6,6
13.1,85.4,5.7
8.8,100,7.3
0,81.5,5.6
10,96,7.8
13.5,78.5,8.3
8.1,79.3,5.4
14.1,86.8,8.2
15.5,80.9,5.4
13.4,100,6
10.4,87.7,6
16.2,83,6.7
18.1,74.5,0.4
7.4,90.6,2.9
24.9,74.3,7.6
14.3,86.8,5.9
15.1,78.4,2.7
20,82.1,8.4
16.6,71.8,6.2
21.7,79.6,8.7
17,83.6,4.3
10.7,79.5,2.9
17.5,74.1,5.7
7,87.2,5.6
15.8,90.9,3.8
14.8,85.1,4.9
13.5,83.9,7.5
14.1,93,10
1.8,100,1.5
11.2,77.5,6.3
15.6,80.8,6.6
16.1,73.7,6.1
7.8,80.9,5.6
23.9,86.4,3.7
8.9,74.5,9.1
21.8,86.8,3.4
18,79.1,2.4
10.5,67.7,8.2
27.4,96.8,5.6
6.6,82.3,6.5
21.4,80.9,6.3
22,80.1,7.1
10.3,81.4,8.1
24.7,80.7,1.2
13.2,88.4,3.4
17,82.5,6.2
16.8,77.7,9.3
14.1,87.7,8.9
20.7,80.2,5.7
20.6,95.9,6.9
2.8,100,6.2
24.1,88.3,4.5
3.4,62.3,9
22.2,100,6.1
22.9,99.8,4.7
7.4,93.1,5.7
12.1,91.6,5.7
7.3,84.6,5.5
13.5,83.4,8.8
12.8,96.2,8.4
20.5,89,8.2
24.2,89.7,7.7
24.8,73.7,3.3
11.1,91.9,7.2
13.5,82.3,5.3
3.2,87.9,4.6
9.4,85.2,7.4
21.8,83.8,3
26.3,73.9,6.4
6.4,82.7,5.2
10.9,97.3,6.8
14.8,87,5.6
17,92.7,7.7
9.3,93.5,7.1
18,82.5,5.7
11.7,66.2,4.8
14.9,90.9,6.8
18.8,84.2,6.9
15,80.8,4.2
11.9,96.8,6.7
14.2,80.2,5.4
14.4,91.6,7.8
12.4,80.8,3.3
13.2,91.3,5.6
26.2,89.7,6.9
18.9,87,4.1
12.9,84.7,7.7
19.9,84.6,8
12.7,100,5.9
23.2,80.7,6
17.6,63.4,5.4
14.2,77.6,7.7
18.1,72,9.7
4,94.2,3.1
7.1,88.8,6.8
6.6,86.7,5
16,90.4,5.7
27.1,96.5,7.2
30.6,81.1,3.2
19.5,78.9,7.2
18.5,77,8.4
2.4,100,6.1
11.2,88.2,5
9.5,83.7,2.3
10.7,92.3,6.2
13.8,64.7,6.8
11.7,82.7,5.5
1.1,100,4.9
20.2,89.9,2.5
7.5,81.2,5.5
16.7,68.4,5.3
29.5,91.7,5.5
8.6,83,4
0,73.1,4.8
13,70,5.1
22.7,84,7.4
28.7,68.5,5.4
6.4,70.8,7.2
18.5,84,5.3
11.7,87,5
14.3,67.8,4.8
33.5,74.4,9.6
4.5,88.7,1.8
16.8,79.4,5.9
18.3,97.2,4.3
22.6,65.9,3.3
15.7,87.4,5
17.2,72,10
12.3,94.9,5.4
16.9,87.4,6.3
12.6,77,5.3
19.4,93.2,5.9
12.4,100,5.2
17.6,83.9,6.9
14.8,93.7,8.6
22.9,73.5,3.4
14.6,95.7,6.9
2.6,89.9,6.5
23.8,78.1,4.5
8.7,77.7,10
10.4,80.2,6.2
10.8,95.8,8.1
24.6,85.6,8.9
0.1,90.4,9.1
37,86.8,7.5
22.4,96.4,5.6
16.6,100,8.7
14.6,75.1,3.4
17,94.9,6.9
18.6,79,7.4
19.5,92.4,6.9
18.9,71.9,6
15.6,76.6,7.9
13.6,98.4,6.8
13.9,89.1,7.7
13.6,90.2,3.4
22.9,84.4,5.1
19.2,82.5,7.2
0,93.4,5
19.6,88.1,3.7
16.4,86.5,5.2
14.9,77.7,6
12.3,79.7,5.3
22.9,71.4,4
21.6,81,6.1
9.6,100,7.6
17.8,85.7,7.5
8.2,100,2.4
5.3,86.4,6
10.6,96.3,4.6
21,69.1,5.1
21.7,75.6,9.5
18.6,91.9,5.7
20.1,86.5,6.9
18.6,100,4.3
10.5,87.7,8.4
18,83,6.4
20.6,83.5,6.9
20.3,91.6,4.4
23.3,83.1,7.9
20,74.2,9.1
17.5,87.7,4.5
22.5,81.5,6.2
14.8,98,8.8
8.8,92.5,4.7
13.9,90.2,6.1
9.8,89,9.1
10.3,88.1,8.6
14,81.4,6.5
9.5,100,4.7
12.8,86.5,3.3
1.7,93,6.6
16.5,100,4.9
15,87.6,3.4
9.3,79.6,8.5
19.6,100,3.9
21.6,89.4,4.7
3.7,91.4,6.2
9.7,95.4,4.2
9.6,94.2,7.7
8.4,100,5.1
20.8,75.3,3.2
13.6,77.6,6.5
13.1,86,6.2
1,100,6.5
19.4,86.2,7.2
6.3,82.7,7.3
15.4,90.4,3.4
16.9,81.1,7.9
24.5,78.9,4.1
5.8,70.2,2
0,100,8.6
16.3,65.4,6.7
27.6,87.9,1.8
23.7,93.6,4.8
16.5,88.6,4.5
11.6,85.1,4.9
20.6,70.2,0
8.2,72.7,5.1
18.3,83.9,5.3
18.5,68.3,7.9
22.4,65.6,4.9
34.3,81.6,4.2
17.7,77.9,7.4
11.4,82.7,6.7
14.8,67.7,7
2.6,62.5,4.3
10.1,82.4,4.5
12.1,76.2,10
11.3,94,5.2
16.1,76.9,4.2
9.2,94.6,6.5
22.8,62.2,8.6
15,84.6,5.7
14.9,75.8,9.3
12.7,97.4,6.5
16.1,81.8,6
20.8,89,5
8.9,77.9,1.8
10.4,100,3.6
12.9,71.2,4.8
5.6,88.1,3.8
9.3,88.2,2.7
11.7,95.5,3.5
21.1,97.1,6.7
16.8,87.9,5.8
16.4,100,7.3
21,86.7,4.3
14,89.7,7
17.7,100,7.7
14.3,75,3.6
16.9,82.9,4
10.9,82,9.2
0,93.4,7
14.1,91.2,9.2
25,84.6,4.9
21.5,91.6,1.6
21.8,84,4.9
23.7,88,6.2
15.6,90.3,4.5
16.4,60,4.2
10.7,92.4,3.9
12.8,82.4,4.9
19.3,91.4,5.1
23.4,68.5,1.1
14,88.6,9.4
11.8,80.5,3.1
15,89,7.3
19.2,86.1,4.3
4.9,74.2,6
0,77.9,5.2
11.1,90,5.6
6.5,83.8,7.5
11.4,85.6,3.9
14,60.5,5
11.8,84.1,7.3
25.2,88.8,6.6
17.3,100,8.4
17.1,88.6,7.7
19.4,78,4.5
7,92.8,8
22.3,98.7,5.2
14.5,95.5,6.2
19.7,80.7,7.6
7.5,97.1,5.1
4.1,82,5.8
20.7,76,4.3
17.6,98.9,6.2
8.7,85.8,10
8.9,74.9,3.6
22.9,86.8,6.9
6.7,75.7,6.7
26.5,81.7,5.4
8.7,95.7,4.8
19.5,83.3,8.2
12.7,80.9,7.1
19.2,98.8,3.3
11.2,74.3,5.7
13.9,89.7,4.3
15.3,79.7,3.9
8,83.5,7.5
20.2,79.8,9.5
11.4,65.3,5.5
13.4,94.2,5.6
8,72.7,7.9
0,79.8,2.7
13.7,82.1,1
31.9,81.8,4.9
20.5,71.7,8.9
14.9,83,6.6
13.2,85,5.9
15.2,87.5,6.7
18.8,82,5.7
6.7,87.1,8.1
22.8,86.8,6.7
20,82.6,8.6
20,99.6,7.1
18.1,64.5,8.6
15.1,74.6,5
19.7,89.8,6
19.1,83.1,10
12.5,76.3,6.3
11,100,4.1
15.7,97.2,6.8
25.8,69.6,2.7
6.3,82.7,3.7
4.7,90.7,8.8
16.2,86.9,5.9
15.4,78.8,3.8
16.2,87.8,7.6
16.7,72.9,3.2
13.4,92.3,3.6
25.4,94,8.7
3.8,90.2,4.6
9.2,91.3,8.4
14.3,92,8.4
3.5,82.6,3.2
13.8,91.6,6.1
26.6,88,9.8
15.1,88.5,8.2
16.6,85.4,4.9
6.2,93.6,7.8
10.7,76,5.1
12.4,72.5,4.8
12.8,77.7,6.9
24,99.3,9.5
18.9,76.9,4.3
7.2,86.7,7.3
16.7,88.6,3.5
18.5,100,7.7
23,71.9,7.7
26.1,79.3,8.2
7.9,78,6.3
9.3,81.3,5.6
6.2,84.3,4.8
13.4,97.8,6.6
18.3,78.1,6.2
21.9,100,7.8
14.5,86.9,2.7
12.8,71.4,3
16.1,72.7,9
9.2,100,4
29.6,93.9,6.1
3.7,72.3,8.3
16.3,69,9.5
29.2,100,2.9
15,79.1,2.5
13.7,91.3,3
12.5,83.6,6.8
13.7,80.5,6.9
24.6,94.4,4.5
0,74.9,5.3
25.7,96.2,10
5,91.3,5.1
13.1,65.4,6.3
12,92,9.8
19.1,91.7,4.2
3.8,85.1,10
18.2,100,6
29.2,89.1,7.4
5.5,100,5.4
16.3,85.1,7.2
10.4,96.6,4
18,100,9.8
15.1,72,9.8
10.5,98.5,6.9
18.4,96.8,1.8
27.6,90,6.5
13.7,74,6.4
20,84,4.7
5.9,87.8,7.1
8.3,97.4,9
18.3,91.9,5.2
25.4,95.6,6.5
17.5,77,7
12.8,75.6,8.9
15,67,5
6.2,88.8,7.6
19.2,77.1,5.3
21.2,69.9,2.5
11.8,73,5.6
11.7,76.9,8.9
16.9,100,3.8
11.9,86.7,7.9
14.5,91.3,8.5
29.7,88.7,7.5
13.3,87.7,8.3
12.5,67.7,6.8
10.5,83.4,8.7
20.2,86.8,4.6
13.7,80,5.4
10.5,80.7,7
24.2,81.3,6.3
24.9,83.7,2.3
10.8,100,7.2
1.9,78.1,5.1
22.1,89,4
10.2,75.8,5.7
20.5,63.4,7.8
1.2,96.8,3.3
21.2,75.3,5.7
6.5,71.4,6
20.1,79.7,9.3
15.1,95.6,7.5
8.3,87.9,4.4
12.2,100,5.2
19.8,95.1,5.8
15.7,71.4,9.8
19.1,80.5,7.2
28.8,76.6,8.2
4.1,72.7,2.6
26.3,95.9,3.9
15.7,68.8,10
8.7,82.5,2.3
5.7,91.4,5.5
13.7,71.5,6
21.5,86.7,3
14.1,93.7,6.6
25.6,65.5,8.8
4.8,93.1,5.9
14.9,82.8,3.2
6.2,80.9,5.9
17.5,93.5,2
21.2,100,3.4
12.1,70.5,7.8
0,95.4,4.4
16.4,90.5,8.1
18.1,81.9,5.2
17.8,87.4,6.3
23.7,78.4,8.5
7.5,71.1,4.4
19.8,100,6.1
23.3,100,3.2
2.5,98.3,9.3
17.2,74.4,4.2
11.5,88,5.3
14.4,100,5.2
17.4,75.8,6.7
11.6,84.2,7.4
10.3,84.9,8.2
15.2,82,7
7.4,69.4,8.4
7.4,80.3,6.9
19.8,91.3,7.7
7,95.2,4
19.7,91.4,3
18.2,83.7,6.6
2.9,89.5,5.6
10.3,100,6.5
23.4,99.1,5.9
8.1,96.1,4.3
11.7,93.6,5.2
18.2,95.7,7
20.5,66.7,4.3
13.2,71.5,6.1
10.8,86.1,4.9
25,80.8,7.1
27.2,95.3,8.5
21.9,81.4,7.6
15.6,62.4,6.3
9.3,78.8,7.1
9.2,91.3,4.8
18.7,93.7,4.9
17.9,80,4
24.8,66.8,4.2
19.6,90.6,1.8
4.5,88.6,6.1
22.4,88.3,5.8
8,88.3,2.9
12.3,79.9,6.3
16.8,79.8,5.1
29,81.3,5.6
36.8,81,8.5
19.2,81.9,9.4
13.7,100,5.7
18.7,78.1,6.6
21.2,90.1,3.9
12.8,79.6,3.9
27.6,93.5,3.8
16.6,74.8,3.7
18.5,100,5.5
19.7,98.4,9.3
18,88.3,7.4
20.9,80,5.9
10.7,67.2,6
11.1,88,4.6
7.3,85.7,6.1
18.1,76.7,3.7
20.5,85.9,6.5
18.2,68.6,6.1
26.7,100,3.4
15,83.2,10
19.7,100,6.4
7.4,66.1,4.5
12.3,82.7,6.6
19.9,68.5,7.5
20.9,75,4.8
12.9,96.6,3.5
14.5,100,7.2
4.4,91.9,8
12.5,79.6,5.4
21.2,88.7,6.2
19,86.9,6.7
18.5,92,5.9
15.3,83.1,8.3
15,73.4,5.6
10.4,79.4,10
19.9,81.3,4
17.9,89,4.6
18.4,82.1,7.8
11.3,95.9,4.7
0,88.2,5.4
22.7,94.9,6.4
11.6,80.9,8.5
9,67.2,7.3
19.9,87.2,4.7
12.3,67.5,6.9
22.4,94,6.7
19.3,93.4,7.8
19.8,81.2,9.3
5.4,92.5,6.1
23.5,94.8,1.2
16.8,81.4,7.3
12.4,87.5,8.5
16,73.3,7.6
2.6,96.8,5.4
17.9,69.7,6
7.8,78.3,8.3
5.5,93.1,7.9
4.3,83.7,6.4
22.8,98.7,7.4
10.6,100,6.7
25.7,75.3,2
11.2,66.6,6.2
3,100,5.7
7.2,89.3,7.1
23.7,100,7.3
13.9,100,8.1
11.2,92,2.8
16.1,93.5,7.4
18.5,92.7,7
22.8,92.2,7.2
25.1,80,7.9
12.5,97.9,4
5.7,85.7,6
12.1,90,3.9
16.8,86.3,8.1
8.3,93.9,3.7
8.3,90.3,2.9
17.4,87.8,6.1
14.7,75.5,9.5
15.2,81.9,2.4
9.7,86,6.3
13.4,79.8,5.8
8.5,90.7,6.2
21.2,92.5,4.3
22.2,62.8,4.8
2.1,72.9,6.3
8.5,76,4.7
4.5,80.6,2.3
10.4,80.2,6.6
14.4,81.7,1.8
4.9,86.5,6.8
8.5,89.2,5.4
8,91.9,8.2
16.5,79.7,5.1
15.5,75.6,5
9.9,98.5,5.8
16.2,99.6,4.6
11.2,71.3,7
13.1,83.1,7.5
26.7,100,6
24.4,85.4,5
5.9,68.2,8.9
20.8,74.3,6.1
20.7,82.4,6.3
7,76.2,6.7
20.7,92.1,5.6
25.8,86.8,3.3
7.1,87.5,2.9
8.6,70.9,4.7
22.1,71.9,5.8
16.9,81.2,6.5
18.9,80.3,6.8
17.4,88.7,2.7
17.7,87.5,7.5
5.7,93.2,6.8
22.3,86.5,6.7
23.2,84.9,6
13.4,83.4,3.5
14.7,84,5.6
4.3,86.8,4.5
18.6,92,6.7
19,93.3,3.6
14.6,88.4,9.8
22.9,78.6,9.8
12.7,75.1,6.7
19,77.2,7.9
7.9,86.9,9.3
14.8,93.6,9.2
13.8,63.9,7.9
16.6,69.1,4.9
12.4,100,8
14.1,84.1,5.4
20.8,86.9,2.8
11.9,71.1,6.4
3.8,76.6,4.2
27.2,81,4
24.7,74.3,9.4
6,68.7,7.1
19.8,93.4,5.8
11.5,85,10
16.8,80.1,7.2
17.1,93,5.7
13.4,93,6.8
9.5,100,6.9
10.2,84.9,5.2
8.6,75.9,8.2
9.2,80.9,4.4
14.5,99.8,6
10,77.8,4
19.8,80.1,3.6
25.4,96.4,4.3
10.9,83.7,7.7
16.7,100,4.7
18.5,98.6,4.9
18.3,90.5,5.8
15.5,92.4,4.7
20.2,80.5,6.9
18.4,80.8,4.3
6.3,98.5,4.4
21.1,93.9,4.9
21.2,96.2,7.7
9.7,88.6,4.6
15.3,84.5,4.5
19.8,78.6,6.7
13.5,91.2,2.4
22.5,73.5,3.4
31.5,95.8,8.1
9.5,84.5,7.9
5.3,93.9,4.6
17.1,95.6,6.4
20.1,80,8.7
13.4,87.9,6.2
25.2,87.3,5.8
5.6,76.4,4.8
19.9,99.9,6.2
10.8,90.2,4.6
27,78.4,4.6
28.9,85.8,3.9
9.6,76.1,9.1
11.2,100,8.1
21,89.9,1.8
12.3,86.3,5.5
14.7,78.3,8.6
15.2,100,2.9
1.6,85.8,6
14.9,96.8,6
10.2,87.3,5.4
11.5,90.3,4.2
25.1,82.7,8.8
6.2,83,2.3
20.7,90.4,7.8
13,69.2,5.2
13,79.6,7.8
20.5,83.9,7.2
17.4,100,7.7
19,86.3,6
21.8,100,6.9
12.7,67.7,9.3
10.7,75.9,5.5
7.4,92.1,5.7
9.2,71.3,10
35.6,81.4,8.8
23.7,88.3,6.8
5.5,78.4,5.2
5.7,83.9,5.8
18.4,75.5,6.3
18.8,96.3,9.3
18.8,80.6,5.1
13.2,69.9,8.1
14.1,77,7.7
17.3,66.1,6
15.6,71.7,6.7
0,85.5,7.8
13.4,86.9,8.4
9,80.4,9.4
16.2,90.3,7.2
35.9,98.7,6.1
17.6,89.8,4.1
12.8,80,1.6
21.5,87.6,3.9
18.4,84.1,6.3
17.9,92.1,5.5
19.2,88.9,5.5
29.4,79.5,7.1
7.1,75,5.9
18.3,88.8,3.4
8.5,94.5,7
18.9,99.1,5.1
8.6,83.8,5.3
12.1,88.9,7.1
12.9,98.4,7
21.8,94,4.6
21.4,81.6,4.9
6.3,88.8,9.8
15.4,85.1,2.2
10,79.9,8
6.2,80.7,6
13.5,85.7,8.3
12.8,79.3,5.8
32,81,5
18,95.7,4.2
5.4,69.2,10
11,85.4,5.9
22.1,83.8,4.1
29.6,74.9,4.1
3.9,86.9,5.2
1.8,79.9,7.1
28.1,95,4.2
17.7,87.7,4.5
8.9,90.7,8.2
18.7,69.2,2.7
0,72.4,5.5
15,100,6.9
17.3,89.7,7.1
21.5,78.6,4.1
7.9,100,5.8
15.6,84.8,5.1
8.5,80.7,5
16.8,80.3,6.6
8.7,70.9,5.2
12.1,90.8,7
8,94.6,8
19.6,97.1,4.2
21,76.7,2.9
13.4,85.3,6.5
15.3,79,4
4.9,85,5.6
12.9,79.7,9.4
14.6,70.9,3.5
33.3,100,3.4
7.2,85.6,6.3
25.2,91.6,6.2
22,100,6.1
17,86.5,4
27.3,100,3.2
17.6,91.5,9.5
17.7,61.1,6.4
14.6,80,6.5
23.6,67.2,6.8
22.7,80.6,8.1
10.6,73.9,10
5.8,94.8,6.8
13.6,84.5,9.1
9.4,76.8,5
14.6,95.4,4.1
23.7,82.4,7.2
11.8,89,5.9
14.7,73.5,4.3
15.4,81.3,3.5
20.9,92.4,7
0,100,6
10.8,85.5,7.3
16.5,90,7.6
23.4,100,6.2
11.6,66.9,4.4
1.9,83.8,6.1
19.3,90.6,4.6
10.6,79.6,3.1
6.7,78.6,5.6
10.6,65.5,7.4
13.7,97.7,2.8
10.8,68.1,5.1
0,89.4,6.6
21.3,88,2.7
23.9,76.3,8.5
19.6,78,8.2
7,93.7,8.1
13.6,87.3,5.6
15,81.5,6
19.2,80.8,3.5
19.7,76.7,4.3
9.9,92.5,6.7
15.6,94.3,4.7
18.2,87.8,5.9
25.2,93.1,7.3
19.9,81.8,4.3
20.5,88.2,5.8
15.6,75.9,6
24.9,85,5
17.9,98.2,6.5
9,83.5,5.4
24.8,87,4.8
19.9,84.4,5.7
11.9,94.1,5.2
11.6,84,9.1
17.1,75.5,9.1
18.2,83.1,10
16.4,95.7,6.9
17.2,83.8,8.7
26.9,85.7,5.9
22.5,76.4,4.7
16.3,66,0.7
21.6,95.2,5.2
7.8,75.3,4.1
17.8,95.7,5.1
27.7,85.9,3.3
13.5,78.7,7.2
9.1,75.4,10
10.4,100,4.3
7.4,88.3,6.1
9.5,91.5,9
12.4,93.1,4.7
5.2,80.4,2.4
15.1,82.7,8.1
21.3,88.5,10
8.6,72.2,5.2
25.6,61.8,4.3
18.6,88.9,5.1
22.2,89.4,3.4
10.4,98.8,5.8
21,97,4.8
7.4,83.3,6
21.2,90.7,6.6
16.2,68.1,6.7
18.9,69.1,5
6.8,92,5.9
8.7,86.5,4.6
19.2,100,2.9
8.4,95.4,3.6
18.2,100,5.2
5.4,83.9,3.4
20.9,89.8,4.8
6.4,86.5,3.2
18.9,92.1,0.6
19.4,89.5,7.3
10.1,78.6,7.1
19.1,70.4,8.1
16.8,92.1,4.7
11.2,85,6.3
7.9,86.8,8.9
1.3,100,8
17.4,93.5,1
4,82.4,8.4
15.7,85.8,5.7
13.2,98.1,6.2
19.8,88.6,9
12.9,93,6.6
12.7,75,6.8
20.1,80.8,4.1
17.3,81.7,6.7
17.2,91.4,4.5
18.3,98.4,4.9
4.3,92.9,7.6
20.3,92.2,4.6
19.3,88.9,5.4
7.9,100,4.1
13.3,91.2,4.3
14.7,81.6,5
14.1,83,2.6
17.3,77.8,7.7
25,80.7,8.3
22.6,77.5,3.7
5.8,75.5,6.3
19.4,89.2,6
24.3,92.5,7.1
17.7,73.8,4.6
22.6,82.7,3.2
29.1,74.5,3.7
22.2,95.2,6.2
16.7,77.9,5.3
22.3,70.2,7.8
16,93.5,6.1
15.2,94.6,5.9
12.5,69.1,5.5
25.9,78.8,10
9.3,100,8.6
25.7,71.3,7.3
18.5,71.3,5.3
5.2,74.5,5.6
17.6,72.8,4.2
0.3,90.7,7
19.4,94.7,6.9
21.2,71.4,9.3
10.9,99.7,7.8
15.9,70,4
28.7,87.1,8.5
11.5,91.7,6.3
7.6,100,3.9
25.4,100,4.6
28.7,78,6
15,90.9,6.4
22.1,81.3,6.8
24.4,100,10
9.8,72.6,2.3
11.6,80,5
23.6,72.3,4
26.8,80.9,8.8
18.9,78.2,5.6
8.8,71.4,6.1
28.9,87.2,5.6
11.3,84.9,5.6
12.7,97.7,6.3
17.4,100,7.4
25.9,85.2,6.9
21,74.6,5.2
17.9,87.6,8.2
18.2,77.8,6.9
15.3,79.2,8.7
18.9,71.3,9.6
0,83.4,6.4
12.9,79.2,5.5
16.7,78.3,3.2
6.9,85.3,4.8
17.7,99.5,6.2
13.6,69.5,6.3
27.3,100,8.7
26,78.2,4.2
11.7,94.8,4.5
13.9,77,4.9
14.5,97.1,7.3
11.8,74.1,5.5
16.4,90.3,4.6
9.7,78.6,6
7.1,100,6.4
19.4,86.9,3.8
19.4,80.6,6.7
9.4,98.6,3.1
21.3,100,7
10.6,88.6,5
16.8,88.3,9.1
20.7,86.5,0
14.8,84,2.4
18.2,94.9,4.9
11.4,97.7,5.7
13.6,74.7,5.5
13.6,72.7,9.2
9.8,76.3,10
13.8,97.5,5.5
4.2,97.1,5.8
11.6,80,5.3
13,81.8,8.6
13.2,69.4,1.1
13.3,83.2,7.4
14.6,92.3,7.2
18.4,96.3,4
21.1,73.7,7
10.5,80.1,5.8
6.6,76.8,4.6
7.7,94.9,8.8
11.6,82,8.4
12.5,90.6,6.5
9.6,83.6,2.7
5.9,99.1,8.8
11.8,83.9,5.7
16.3,83.7,8.4
19.2,88.4,5.7
11.1,86.7,5.6
12.1,78.7,7.9
8.5,96.2,5.6
14.8,76.3,4.5
9.1,82.4,8.3
19,79.7,6.9
2.5,73.6,5.3
12.5,74.8,5.6
17.1,95.1,8.3
16.3,93.2,7.1
33.9,72.7,8.2
17.4,77.4,7.3
8,80,7.1
14.3,87.4,9
2.6,89.2,5.8
14.4,81.1,3.4
9.2,82.4,4.6
21.4,79.1,10
11.2,72.8,5.6
14.2,82,6
10.6,70.4,4.7
27.2,67.2,5
12.8,83.9,8
27.8,72.7,8.7
20.7,77.3,4.4
18.4,81.4,9.4
17.6,78.1,8.1
17.8,97.9,4.5
1.5,98.3,5
13,66,7.3
20.9,85.7,6
14.7,97.1,4.1
5.2,83.7,8.6
14.6,69.8,6.5
26.9,68.8,4.8
23.7,80.8,5.3
14.6,100,4.1
21.7,84.5,4.6
12.4,76.9,1.9
3.1,90.1,5.5
8.5,98,6.5
25.9,74,5.3
13.1,87,7.8
13.3,96.1,9.1
12.9,81.4,5
28.3,73.9,5.3
26.4,63.1,7.2
30.5,83.3,10
13.9,86.7,7.2
17.1,80.1,7.9
4.4,89.9,6.6
25.3,82.6,6.3
6.8,100,7.8
16.5,85.7,3.6
7.3,93.4,2.9
10.9,95.3,4
9.1,79.2,7.4
10.7,73.4,5.3
11.2,100,4
11.2,65.4,5.5
20.8,76.7,8.8
7.3,88,6
16.5,96.1,6.6
23.5,91.9,6
11.4,76.5,7.4
10,90.1,8.9
13.4,71.6,6
23.3,72.5,8.6
16.4,78.4,4.8
11.3,74,8.6
18.4,88.8,7.8
7.3,86.8,7.2
19.8,79.9,9.2
17.9,88.5,7.9
12.8,96.3,6.5
9.1,75.6,9.2
8.8,78.5,5.7
18.7,79.5,5.2
23.6,91.9,3.7
10.5,100,4
18.2,93.5,8
0.4,82.7,7.2
10.9,83.5,3.6
14.8,83.7,3.8
8.6,66.2,3.2
8.4,80.4,4.3
10.3,80.2,5.6
17,71.6,4.3
13.7,100,3.8
0,73.6,7
0.2,85.5,7.9
10.8,87.4,6.6
18.2,81.8,4.5
0,91.1,7
11.5,75.7,7.1
11.3,74.9,3.8
24.7,88.8,3.4
12.3,84.3,8.6
17.7,74,8.4
16,91.8,5.2
0.1,75.7,7.8
20.4,100,5
16.5,68.7,8.4
18.6,83.9,7.6
40,75.7,4.2
0.4,98.6,7.4
27.1,82.2,6.2
13,97.8,5.1
17,69.1,9.2
14.7,97.7,6.5
12,99.3,3.1
11,77.6,5.2
17.3,93.5,7.5
4.4,81.6,5.9
20.3,97,4.6
12.1,75.6,7.8
7.1,85.1,7.3
11.8,78.3,8
23.8,83.7,5.7
11.3,92.9,6.7
17.5,84.3,4.6
9.9,97.2,7.3
20.3,81.9,5.1
19.8,88,4.5
27.9,87.7,4.6
13.8,75.9,8.4
19.7,100,4.1
15.7,100,5
24.1,86.9,2
10,87.8,7.5
20.2,100,5.7
13.6,83.2,10
14.6,90.3,2.1
15.6,86,7.4
16.8,70.8,5.5
14.2,87.8,6.2
16.5,85,6.1
26,75.8,6.5
21.9,85.6,4.5
21.1,65.3,4.4
11.8,95.6,10
8.8,80.5,3.5
21.7,100,6.5
21.1,93.2,8.9
25.3,94.3,7.4
10.8,86.4,4.8
13.4,87.6,9.3
3.5,75.4,8.7
12.3,77.3,6.7
22,81.7,6.7
11.7,82.1,5.4
19.5,95.7,3.8
13.7,86.5,7.2
17.3,65.5,9
7,77,5.4
15.6,94.4,5.8
0,74.3,6.2
13.7,78,7.2
3.6,83.3,4.6
23.4,93.5,6.1
20.4,82,7.2
18.3,81.6,6.4
25.6,69.3,2.8
8.4,75,3.1
27.2,92.7,3.9
21.5,87.1,3.4
13.3,89.4,8.9
22.9,67.6,7.1
7.3,85.2,5.9
9.2,84.5,4.1
10.7,82.2,4.2
11.3,72.3,5.2
7.6,79.6,6.1
23.6,100,6.7
13.2,92,8.7
17.5,77.5,4.9
11,84,8.2
2.3,63.1,9.5
16.9,80.5,5.7
1.6,80.9,5.6
14.5,100,10
5.4,74.6,7.4
28.9,96.4,7
21.4,86.4,5.4
15.7,71.8,5.1
23.8,96.3,9.6
9.1,82.7,4
18.8,90.8,5.4
16.4,100,7.2
16.8,76.8,4.9
23.9,93.8,8.7
20.1,77.1,4.7
17,88.1,9.6
3.4,86.8,8.5
8.3,85.6,2.5
14.1,79.7,4.1
15.7,91,4.9
7.1,83.3,3.9
31.9,100,3.8
25.6,90.1,3.4
19.2,81.7,4.8
15.5,85.7,4.8
13.5,82.7,9.2
8.3,89,8.5
15.5,98.2,6.9
16.8,86.5,8.1
6.3,88.8,6.8
17.3,73.9,4.5
13.9,74.7,2.3
1.6,84.8,4.6
9,84,3.4
12.1,84.2,4.3
28.2,69.6,4.9
18.9,99.4,7.4
5.7,93.4,5.6
18.4,94.5,9.3
4.2,88,6.9
22.6,93.2,3
11.7,98.3,5.8
14.3,82.4,4.2
24.3,85.5,6.8
6,84,7
5.2,91.6,1.5
10.9,89,5.9
22.3,74.7,5.2
4.4,83.4,5.6
0,78.8,9.4
11.8,94.7,10
18.9,85.6,5.1
23.4,73.1,3.2
11.8,92,5.9
12.1,95.8,5.8
23.1,82.7,3.1
1.9,82,3.1
12.3,85.8,6.5
16.3,82.2,7.6
18.1,85.5,7.2
11.4,86.6,1.9
15.2,81.7,5.1
0,94,5.4
10.4,77.5,4.8
18.2,89.8,7.6
8.1,70.9,7.2
15.4,75.5,5.5
18.1,85.3,5.7
12.6,91.9,5.4
16.2,87.8,2.5
8.3,82.6,7.4
13.6,91.2,6
19.3,85.7,8.2
16.1,79.1,3.7
10.9,73.7,2.6
16.6,88.4,8.2
20,76.7,3.5
0.7,94.4,8
23.1,83.2,6.4
12.6,76.9,8.2
18,91.8,8.4
23.4,100,3.8
5.4,85.9,3.5
10,90.7,4.2
13,80.9,8.1
9.5,83,6.5
27.1,80.2,7
9,100,3.3
11.1,73.6,4.7
16.4,81.1,5.7
6.6,100,9.4
12.2,88.2,5
17.2,79.6,5.1
12.7,68.5,6.5
14.3,99.6,4.7
11.3,89.1,7.6
4.4,96.6,7.9
17.3,70.2,10
27.3,79.9,5.6
15.1,81.3,7.9
16.6,89.7,8.8
19.8,89.5,5.5
6.1,75.7,6.7
26.9,73.6,9.7
16.4,99.5,6.2
26.4,75.1,8.2
9.9,87.5,7.9
27.7,85.7,5.1
20.4,78.7,7.8
18.9,77.7,5.4
16.6,92,7.4
13.3,90.9,6.9
23.4,73.6,5
16,84.9,3.9
1.2,93.1,5.7
7.2,97.5,8.1
13.7,68.6,6.1
17.2,90.2,5.6
14.6,77.3,7.1
23.5,91.8,3.7
1.3,80.8,8.8
16,84.5,2.6
2.3,86.3,9.6
20.3,97.3,1
14.3,87.7,5.8
17.9,76.4,6.5
9,93.8,7.6
24,88.3,7.2
22.3,90.4,6.9
19.1,97.4,5.6
14.1,73.8,10
19.1,88.8,8.4
10.1,78.7,7.4
21,74,10
26.5,70.1,7.9
22.5,97.7,7.6
9.9,97.4,6
17.5,69,5.9
5.9,92.6,7.8
19,90.8,6
18.2,92.1,1.2
1.9,83,2.4
6.9,83.5,5.5
13,91.1,6.2
12.9,91.2,7.5
6.5,82.6,3.6
17.7,72.7,1.8
16.8,75.1,5.1
13.6,75.8,2.1
9.7,80.2,4.7
22.3,92.2,6.7
26.6,76.7,4.7
11.6,81.3,5.7
10.7,84.3,7.5
18.4,83.8,4.1
12.5,70.3,8.2
14,87.6,5.6
20.2,92.9,8.3
1.6,100,6.5
24.2,81.3,4.9
15.5,84.7,8.5
12.1,93.5,3.8
14.4,80.3,5.6
14.7,76.2,5.3
2.9,80.9,4.9
25.5,83.7,5.9
15.3,100,8.3
18.1,85.9,9.7
21.7,87.1,7.3
7.9,94.8,6.2
18.3,93.8,6.3
13.1,100,6.8
20.9,84.6,4.8
0.1,94.9,7.5
14.3,79.3,7.1
10.8,81.8,8.2
18,80.1,7.5
18.3,94.4,6.5
10,95.8,1.8
10,81.2,4.6
14.2,77.7,6
8.7,94.4,6.6
20.9,99.7,10
12.4,82.1,5.9
0,98.2,4.4
12.4,85.4,5.1
7.7,81.5,0.1
3.6,88.4,5.9
6.3,94,7.8
15.8,88.9,1.7
24.3,79.5,7.3
17.2,76.2,5.1
10.8,91.7,4.2
18.2,84.1,4.5
11.8,91.8,7
10.1,98.9,5.3
6.9,90.4,7.3
2.7,71.1,4.1
12.3,100,4.7
16.1,94.6,3.1
14.3,91.7,6.7
12.1,86.7,5.6
8.4,80.2,5.3
19.3,84.5,8
5.8,80,5.3
20.4,72,5.6
8,87.8,6
9.7,79.4,6.1
4.7,77.6,9.1
11.5,66.2,6.2
21.8,78.1,8.4
18.6,85.5,5.8
21.8,94.3,4.8
18.7,73.8,7.3
7.3,84.2,8.1
12.7,100,8.3
9.5,82.4,7.5
24.3,81.8,4.2
6.6,88.8,6
21.3,91.6,4.8
21.3,88.9,3.5
27.8,81.7,10
12.1,68,5.9
20,79.1,8.1
31,72.6,2.3
10.7,84.3,7.7
4.3,66.1,4.9
1.8,100,3.9
20,64.2,5.8
1.8,80.1,5.3
12.4,84.3,7.6
18.1,97.3,7
16.3,100,6.6
18,85,9.5
16.6,92,6.1
24,100,4.9
8.3,88.7,4.1
10.3,91.4,3.5
9.6,79,7.2
20.8,80.8,6.7
21.3,73.2,5.6
18.2,93.8,5.4
23.3,77.4,2.6
6.8,72.9,8.2
26.7,94.8,6.2
25.7,70.9,5.4
20.1,100,3.1
27.5,85.4,6.1
3.4,99.3,8.1
11.3,82.4,0.2
9.9,95.1,5.1
20.1,88.7,7
7.6,87.5,8.3
20.3,81.2,1
24.6,95.6,7.3
19.9,98.2,6.6
17,85.9,5.8
8.1,78.3,9.6
9.1,82,6.5
23.7,81.1,4.7
20.5,86.3,6.6
14.7,98.1,3.3
12.1,82.9,7.2
0.8,86.9,4.4
7.5,85.4,6.1
28.4,79,4.7
6,92,6.9
16.3,84.7,5
22.1,74.4,4.6
6.2,90.9,4.1
16.3,73.7,6.2
21.6,89.1,5.7
15.1,69.7,1.1
35.1,92.3,8.7
3.3,87.1,4.8
22.4,92.2,4.1
13.8,76.6,8.3
20.4,99.7,8.2
18.1,83.2,8.5
9.9,81.7,4.4
16.6,77.9,5.6
2,90.1,7.4
19.2,87.8,3.9
17.1,87.8,8.2
19.5,100,7.8
22.4,98.3,2.7
17.6,79.3,3.4
16,83.7,7.2
8.8,100,8.5
10,91,4
23.3,74.5,6.3
25.1,92.3,8.7
13.3,90.2,1
15.3,76.8,8.2
8.7,62.8,3.2
23.2,75.2,6.4
19.7,93.7,5.6
28.6,65.6,1.9
8.9,75,6.3
12.4,67.7,2.7
16.6,87.3,4.5
19.5,91.5,5.6
13.5,94.3,5.1
8.9,76.8,8.6
21.2,65.3,4.4
20,91.6,8
8.6,84.6,6.4
24.5,89,8.2
23.2,71.4,6.3
15.9,75.5,2.3
15.6,86.9,8.5
18.9,64.9,8.3
9,83.2,7.3
15.2,75.4,5.8
0,100,9.8
21.1,77.8,9.1
4.1,72.1,6.5
25.5,100,5.3
12.7,99.3,4.4
13.5,84.1,2.8
10.6,97.4,3.9
13,90.2,4
24.9,88,6.3
0,88.6,7.5
23.9,80.5,3.3
17.4,84,4.9
6.6,83.8,5.6
7.5,100,9.3
26.7,83.5,8.6
8.4,93.4,2.9
6.9,82.7,1.8
23,81.5,7.8
17.4,90.7,5.4
8.4,89.9,5.9
16.5,71.7,4.5
7.8,84,6.8
22.7,82.9,1.4
22.4,90,4.4
18.7,100,3.4
17.5,95.8,3.9
27.3,75.9,6.9
15,96.5,3.1
6.7,86.8,4.9
18.1,94.9,3.9
29.6,85.4,3.2
7.9,74.6,7.9
12.5,99,5.8
17.9,69,5.8
14.6,100,2.4
8.1,89.7,4.1
22.9,84.7,5.5
31.2,97.4,9.3
16.4,94.2,4.3
8.7,85.7,7.3
4.2,71.8,7.3
16.8,95.2,3.8
22.7,75.8,4.9
18.3,87,7.7
15,75.8,6
10.9,80.5,2.5
7.4,90.9,6.9
20.8,100,4.3
21.4,63.3,8.9
4.2,100,7.8
26.1,76.3,6.5
19,93.9,7.2
24.8,89,2.7
5.6,84.2,7.1
5.4,71.3,6.7
14,95.9,7.5
18.5,91.8,5.2
27.6,77.5,9.6
19.9,81.5,6.6
13.3,91.2,6.1
7.8,74.3,7
23.6,85.7,6.3
8.2,81,8.8
26.4,81.4,6.6
13,92.1,5.3
26.1,72.8,3.7
19.8,77.9,6.2
14,95.7,5.7
11.4,89.1,10
12.6,82.6,5.2
18,94.3,5.9
15.5,95.7,6.7
10.8,96.6,1.1
13.8,62.7,9.1
15.6,79.8,10
0.1,80.1,8.1
18.2,92,3.4
8.1,80.9,9.2
6.9,68,10
3.2,100,4
2.4,84.7,8.6
5.5,81,7.8
10,79.7,8.4
28.7,95.6,4.4
11.3,93.7,5.1
16.2,81.1,5.9
17.8,81.1,8
15.9,90.4,6.4
14.5,82.2,6.7
6.6,93.2,6.3
25.2,96.3,6.5
27.7,92.8,3.9
3.2,69.7,2.1
7.8,66.4,7.8
13,75.4,6
8.2,80.9,3.3
18.5,74.5,0.4
9.9,84.5,7.1
30.2,82.6,4.3
23.3,95.1,6.8
16.5,72.3,4.1
22.2,81.6,4.8
22.7,67.8,8.3
11.1,65.1,6.7
9.3,72.8,9.2
15.5,91.4,6.4
21,74.4,6.9
16,84.1,8.5
4,84.1,7.5
9.4,100,10
14.5,97.9,9.5
14.5,73.8,5.1
28.8,94.6,6.6
5.3,96.3,8.1
18.5,85.1,8.3
25.4,82.5,0
30.9,91.4,6.9
12.2,84.7,7.8
18.4,98.2,7.5
19,89.7,4.5
16.4,80.2,9.6
14.3,75.9,6.4
18.1,80.1,6.7
0,95.1,6.6
19.8,78.5,6.1
15.9,98.9,5
13.4,79.7,4.7
29.3,68.4,10
10.3,68.6,5.2
12.2,77.4,9.3
28.9,67.8,7.6
9.2,99.8,3.5
11.1,100,5.7
14,89.9,5.6
20.9,87.5,7.2
16.5,83.1,5.3
6,94.5,8
11.3,94,4.4
10.7,79.2,6.2
14.5,83.5,8
18,85.1,7.2
17.9,84.7,6.4
2.6,81.1,5
22.4,85.4,5.3
16.8,84.2,5.2
24.7,79.4,6
18.1,71.3,6.6
22.7,89.5,5.2
18.3,75.1,5.3
24.4,70.4,10
18.7,81.1,5.3
14.3,89.2,4.5
30.9,77.7,4.2
21.2,60.4,6.6
19,90.9,4.6
6.1,81.1,6.6
6,85.7,5.5
17,75.3,8.6
16,79,5.7
10.7,96.8,4.4
16,72.4,6.8
26.1,83.2,7.6
19.9,72.6,9.9
7,88.4,5.1
14.2,88.8,7.1
9.4,77.5,9.1
12.3,91.5,7.8
12.1,73,4
11.7,97.2,8.1
6.2,91.7,4.3
14.1,85.7,7.5
11.1,73.2,6.9
0,89.3,3.3
29.4,79.1,3
22.6,96.4,3.4
12.4,80.3,3.4
15.1,98.7,4.9
6.8,94.8,5.7
26.9,64.4,4.8
28.3,97.8,10
16.1,76.4,5.4
22.2,84.8,4.6
16.2,94.5,2.9
5.6,94,6.6
12.1,76,5.2
15.9,83.7,1.4
11.8,89.7,6.3
13.5,93.6,6.5
14.4,93.2,2.7
14.4,80.1,4.6
15.4,84.3,6
7.6,91.5,6
10,74,10
6,83.3,9.5
21.8,86,7.4
0.3,91.1,9.4
23.1,81.1,4.1
24.7,83.2,5.4
12.9,69.7,6.6
0,79.9,5.7
12.5,88.5,7.9
14.6,91,4.1
7.9,87.8,6.5
11.4,98.3,9.9
25.7,77.3,6.8
19.7,81.1,5
8.5,88.7,7.3
3.8,80.3,6.3
12.7,81,5.1
13.5,77.1,4.1
18.5,89.9,9.6
11.3,82.5,6.7
18.6,100,1.3
28.5,100,7.5
20.7,83.2,5
14.7,86.7,3.8
13.7,89.8,5.7
12.5,97.7,8.3
23.3,96.8,6.6
10.6,98.3,8.5
15.3,94.3,5.4
15.4,81,4.3
11.5,94.3,9.1
5.4,76.4,5.6
17.3,65.4,1.9
14.6,91.7,3.5
18.5,87.6,5.6
11.3,89.3,2.6
23.5,94,4.6
8.9,81.9,4.1
27,95.4,2
2.8,76.3,3.9
18,68.7,9.2
18.3,86.7,5.2
9.4,68.7,1.1
18,72.2,0.2
24,90.4,5.6
0,99.2,5.1
18.5,87.7,3.9
0,76.1,7.3
8.2,60.6,7.7
26.4,75.8,7.2
10.9,80.6,4.2
6.8,89.4,1.9
13.6,81.1,3.6
29.5,74.7,5.6
2.2,54.3,5.1
7.6,74.9,0.9
25.5,100,4.2
28,86.5,7.2
14.3,100,4.8
6.3,85.6,6.5
29.7,75.6,7.2
26.2,82.6,8.6
19.8,86,7.7
9.3,73.5,5.2
14.7,63.9,2.2
13.9,86.1,7.2
17.3,89.3,4
25.2,98.9,7.8
21.2,69.4,6.8
7.5,100,6.7
24.6,89.1,8
17.2,80.9,8
19.8,86.7,6.2
25.3,94.5,4.8
7.2,84.4,8.7
14.7,97.5,5.9
11.3,86.4,6.2
4,100,7.5
17.4,100,6.2
32.6,89.5,3.1
2.1,92.2,8.2
14.8,82.8,6.4
19.5,80.9,6.1
15.9,71.2,7.4
14.2,100,7.3
5.9,64.3,3.5
16.6,100,2.5
9.7,78.3,8.2
0,79.8,9.5
23.4,78.7,3.1
21.7,73.2,7.9
15.4,81.3,7
16.6,94.9,7.6
22.5,79.3,4.6
16.6,94.4,6.8
21.3,72.9,6.9
12.9,82.5,4.5
24.2,97.4,7.9
17.2,84.8,4.7
16.4,75.9,4.9
6.1,86.3,10
17,81.1,8.6
9.2,78.7,7.4
10.5,74.7,4.4
9.3,98.8,4.4
7.5,89.6,9.9
29.9,77.5,5.6
24.3,82.1,5
28.4,83.5,6.7
6.4,100,7.1
15.5,84.2,5.1
5.9,94.9,5.2
10.1,88.4,4.3
8.6,100,9.4
23.7,72.2,2.9
12.2,78.1,8.6
22.5,100,6.5
19.2,90.5,4
31.1,91.4,4.8
4.6,53.9,2
23.8,76.9,6
23,78.8,4
8.2,81.5,6.2
22,100,4.6
17.4,100,5.9
13.4,69.6,6
9.2,73.6,4.5
10,74.6,6.5
29.3,89.7,6.1
15,83,3.6
20.5,90.1,6.7
9.5,95,7.7
9.5,76.9,7.3
22.6,82.7,5.4
5.6,72,3.3
12.1,88.4,5.5
15.2,87.2,6.4
15.8,90.7,8.3
13.7,80.7,6
17.8,83.2,5.6
19.8,71,6.2
20.1,100,7.4
8.1,84.2,4.4
13,75.8,7.6
23.4,82.2,5.6
21.3,86.2,6.2
5.4,100,7.3
17.5,82.2,9.4
1.2,94.4,7.5
15.3,74.2,5.4
28.3,80.1,5.2
8.4,75.2,8.1
9.2,74.9,9.1
20.3,80.2,8.9
4.2,83.6,6.8
10.6,77.5,8
19.2,60,6.5
10.6,81.6,9.5
13.3,84.5,7.3
20.2,70.5,1.9
18,74.6,6.1
16.9,99.4,8.4
12.6,86.9,7.6
17.6,97.8,6.2
14.1,97.6,6.7
18.2,76.3,6.4
11.5,100,5.8
13.7,80.4,3.8
8.1,68,4.6
14.8,100,5.2
9.3,100,3.5
7.2,85.4,7.5
16.8,68,6.4
16.5,81.4,7.3
20.5,79.7,7.8
12,84.9,5.5
17.9,96.6,4.1
18.9,93.8,7
18.1,62.8,6.5
9.2,86.6,5.8
16,84.3,4.7
17.5,71.7,6
15.1,95.9,4.1
0.4,96.5,5.4
16.1,79.4,7.6
30.5,87.5,9
12.5,88.7,9.3
9.9,83.4,5.5
17.6,91.3,6.7
17.2,87.7,5.2
23.3,88.6,6.6
6.2,92,5.8
20.1,79.1,4.2
19.1,93.7,4.9
14,90.8,7.4
17.4,87.3,9.5
22.2,92.3,7
21.1,86.6,4.2
7,85.8,7
20.7,73.8,7.8
14.5,74.2,4.3
15.5,95.3,4.1
15.5,92.2,8.7
13.9,80,5.3
23.3,69.2,2.7
14.4,77.8,4.7
7.2,100,3.8
12.2,68.5,5.7
16.3,97.4,5
23.6,100,7.5
19.2,79,6.8
9,70.4,5.8
32.4,99.5,9.7
16.9,82.7,5.9
23.9,82.8,7.2
13.9,94.7,5.2
18.7,91,6.2
20.9,71.8,6.1
23.5,86.4,7.4
22.4,68.5,4.7
21.1,79.7,3.9
12.8,98.6,10
11,97.6,9.6
17.3,100,4.6
21.5,90.2,6.9
13.4,92.9,10
22.5,100,6.3
25.2,90.8,5.9
8.6,82.7,4.3
9.1,81.1,6.8
14,90.6,7.6
17.2,82.8,7.3
11.3,73.9,7.1
24.5,83.3,8.6
18,91,6.5
15.3,93.7,4.7
4.9,70.6,7.9
5.8,83.9,4
17,100,5.6
0.1,82.1,7.3
22.1,88.7,6.2
13.9,94.5,7.3
37.7,80.6,3
31.2,72.6,8.3
13.7,97.6,4.4
14.3,87.2,2.2
22,84.5,4.7
26.9,90.5,6.7
3.5,81.1,5.6
2.5,63.6,7.2
10.6,75.9,3.8
19.1,93.4,5.2
18.5,80.3,7.5
22.5,92.3,7.5
6.6,86.6,5.4
0,97.7,9.6
21,93.1,3.5
9.2,100,7.2
0.9,70.3,8.1
16,86.1,2.8
20.6,78.8,7
14.1,92.7,5.5
11.8,91.9,7.9
13.9,88.1,7.8
12.4,86.1,8
5.6,100,7.6
10,85.2,7.8
18.6,100,7.3
17.3,80.8,5.8
16.2,61.9,5.1
8,87.3,5.4
13.7,90.2,4.3
0,100,8.9
16.2,89.1,6.2
25,72.4,4.8
4.7,85.8,3.5
10.9,80.5,7.6
17.3,81.8,6.5
23.8,79.2,8.8
11.9,66.3,5.8
10.2,93.5,2.8
1.2,78.4,6.1
15.7,69.9,7.9
29.3,87.4,8.3
16.9,84,5.8
14.8,92.8,3.3
17.3,85.9,8.2
14.9,78.1,8.4
9.3,79,4.3
20.8,83,5.2
16.6,94.5,6.8
15.1,87.1,7.1
8.2,80.4,7.5
24.1,78.5,7.7
19.7,88.8,5.6
11.1,82.6,10
22,72.1,5.8
11.5,100,5.8
9.5,68.1,5
9.7,69.9,5.5
2.6,91.5,4.3
18.3,75.7,8.2
2.2,87.8,8
6.4,75.7,7.8
0.5,86.1,4.8
14.4,80.3,4.8
13.9,79.6,7.5
12.7,81.3,4.4
7.7,80.5,5
6.8,93.4,7.8
18.3,98.3,3
11.1,83.6,4.9
17.2,66.3,6.1
8.8,93.9,6
16.3,86.1,4.6
24.1,91.2,10
19.1,100,4.8
12.1,84,7.4
16.8,100,6.2
13.3,70.9,5.8
15.1,100,5
12.7,80.1,8
13.8,100,6.1
16.5,80.7,3.5
8,77.5,10
7.9,91.9,6.7
5.3,97.7,5.4
3.8,95.3,8.6
6.5,66.6,3.1
16.1,83.8,3.2
8.8,79.4,7.8
18.6,63.4,4.7
15.2,90.6,6.9
1.2,75.2,7.2
19.6,78.9,7
20.7,85.9,6.6
8,89,4.5
17.9,83.3,2.2
9,88.6,5.3
15.7,99.4,7.3
6.1,67.7,6.5
2.4,93,5.4
12.3,75.6,4.5
14.1,85.6,6.7
12.2,78,7.3
6.7,87.9,8.6
12.2,82.1,7.3
16.9,73.8,5
14.7,72.7,5.5
16.3,85.7,3.6
10.3,80,6.4
23.2,82.2,5.5
6.8,86.9,6.4
18.4,89.4,6.6
23.3,98.5,7.6
18.4,78.9,5.3
13.6,88.9,6
11.3,86.5,6.5
22.3,78.9,3.2
5,69.8,5.5
8.2,73.1,6.6
12.2,92.7,8.1
23.7,85.1,4.4
17.7,85.1,5.1
8.2,100,7.9
12.8,65.5,6.3
10.7,87.2,7.3
10,74.6,5
21.9,65.9,3.2
5.4,89.8,7.5
26.3,80.5,6.3
20.8,74.6,3.9
22.6,75,6.9
11.8,72.9,8
14,72.9,6.6
5,83.7,8.7
11.3,89.2,7.5
18.5,77.9,6.3
24.1,55.1,4.7
7.2,100,8.6
12.4,81.4,5.9
13.9,82.1,7.5
5.2,95.2,7.4
19.1,83.5,5.4
9.9,99.5,8.7
13.6,82.2,6
11.8,73.2,7.5
9.5,94.4,8.5
15,83.2,6.3
13.5,79.3,6.3
12.4,87.6,5.3
9.9,87.3,8.2
17.2,80.1,8.7
26.6,72.7,6.7
16,73.3,6
22,77.8,3.6
5.3,73.2,5.4
16.1,100,4.3
7.3,74.1,2.4
4.7,91,8.4
9.8,99.1,4.8
23.3,77.8,6.6
21.7,89.5,6.3
16.7,91.7,4.6
4.3,85.8,8
13.6,80.2,4.8
17.1,92.3,7.8
16.2,92.1,4
2.1,81,5.5
8.8,98.9,3.8
14.6,89,4.8
18.8,83.2,3.3
0,89.6,5.9
13.9,93,3
16,100,8.4
20.9,86.3,7.8
19.9,86.6,5.4
19.1,82.6,7.7
9.4,99.1,5.1
1.6,89.1,6
12.2,73.3,9
22,88.9,2.5
24.8,83.6,8.7
20,81.1,3.4
18,89.3,9.5
17.7,73.4,8.3
11.1,93.9,3.7
14.1,100,5.3
26.7,95.8,3.6
8.4,87.4,5.7
26.3,77.8,9.2
12.7,82.6,6.3
24.3,95.7,5.2
5.2,83.5,5.9
19.1,74.9,4.9
9.8,79,4
5.1,100,3.2
16.5,90.4,0.7
22.1,71.2,7.3
9.1,86,7.3
4.5,100,6
14.4,81.4,6.9
14.4,91.5,5.9
18.8,84,5.9
21.6,72.3,9.3
14.6,93.2,3.7
28,85.1,5.7
16.6,75.9,8.1
12.6,90.7,5.6
3.7,91.9,7
13.2,85.8,2.9
12.6,91.2,6.8
21.7,73.4,0.6
18.2,91,7.3
6.7,81.6,7.5
16.2,85.3,8.5
19.7,72.6,6.9
25.7,71.1,7.5
21.2,84.5,5.2
20.3,82.4,5.6
15.4,79.5,9.5
17.7,77.4,6.2
23.7,83.8,3.9
5.7,70,5.6
12.6,83.1,8.1
9.6,100,8.3
17.7,70,5.8
23.6,78.6,6.4
10.8,100,3
0,83.9,6.7
12.1,67.9,5.4
21.4,76.6,7.2
18.8,75,6.5
18,75.2,5.9
13,95.2,6.8
6,69.3,5.8
18.6,95.2,5.1
9.2,77.2,7.1
30.3,53.2,5.6
19,88.8,9.4
10.9,74.3,7
10.7,82.8,9.4
14.3,95.9,6.9
13.3,74.7,6.1
22.8,77.1,1.6
16.3,84,4.8
9.9,82.4,3.2
28.2,99.1,8
15.3,83.5,4.9
20.4,84.5,4.7
10.7,73.8,4
17.5,80.7,5.1
17.2,100,5.4
1.8,85.4,5.6
29.1,71.3,9.6
24,100,7.5
12.2,90,7.9
7.3,100,6.2
17.4,77.2,2.6
15.6,92.3,4.7
17.5,82.5,5.9
16.3,82.5,3.3
18.5,100,5.6
25.1,100,4.6
19,84.6,5.8
7.7,78.2,2.3
24.5,73,9.9
26.5,71.8,10
37.1,79.8,3.4
7.1,87.2,7.3
16.7,84.1,6.7
0.4,79.5,4
18.9,66.3,7.8
11.2,92.3,4.7
28.5,81.6,4.2
9.6,90.8,4.4
3.2,99.4,6.9
11.7,88.2,10
1.2,52.6,2.6
20.3,83.5,9.7
0.5,68.5,6.1
15.2,82.5,4.9
0.5,93.4,6.1
12.8,97.4,7
26.5,100,5.7
17.5,98.1,5.7
9,87.7,2.5
14.8,100,7.5
15.1,67.2,10
18.3,89.1,5
5.4,79.4,5.3
19.1,94.8,5.5
0,80,3.2
10.6,79.8,5.6
11.6,68.6,6.8
19.4,88.9,6.7
15.2,93.4,8.7
5.2,90.2,5
8.1,85.6,5.5
16.4,82.5,2.9
14.4,74.9,7.8
10.9,80.5,7.1
11.6,69.1,6.8
19.9,76.4,5.2
11.4,82.8,4.9
14.4,92.2,2.8
30.2,91.5,1.5
5,100,6.5
2,90.9,7.3
20.5,76.8,4.6
10.2,85.9,6
12.8,88,5.8
9.5,80.7,10
13.2,78.7,9
26.2,83.6,5.2
20.6,83.7,3.8
21,77.2,4.2
5.1,94.6,5.6
6.9,94.4,6.4
0,92.8,6.3
9.3,75.5,2.4
21.7,86.1,5.9
18.6,72.9,8.6
13.4,100,5.3
14.8,81,6.1
10.2,90.9,4.7
16.4,97.3,4.5
20.4,85.3,3.8
3.7,98.2,6.7
17.1,86,8.5
21.5,80,3.8
12.1,71.4,8.7
19.9,100,8.2
34.7,90.9,3.4
14.3,100,8.1
17.8,87.5,6.7
9.8,87.1,4.6
16.3,94.7,5.3
18.2,73.6,1.8
16.4,88.2,5.4
7.9,99.7,4.1
16.4,79.8,7.2
25.2,86.5,4.5
18.1,75.7,6.2
21.7,74.4,8.4
13.3,61.6,6.2
20.2,83.9,1.5
17,92.2,5.6
8.3,72.3,5.5
17.2,88.4,8.9
8.1,72.5,4
10.6,71.2,2.8
16.3,85.2,5.6
17.1,100,5.9
6.7,90.4,5.4
22.4,89.6,3.5
19,80.9,4.8
10.1,76.5,6.8
4.2,74.5,6.4
14,90,5.7
11.9,83.3,6.2
15.8,86.2,6.9
12.5,81.9,3.5
0.9,73.1,7.7
12.3,90.4,5.7
12.9,83.4,6.2
19.4,80.5,6.6
10.1,89.4,7.1
26.8,100,4.6
1.6,76.6,5.3
24.2,83,7
13.4,86.6,7.3
21,78.7,4.4
15.6,86.9,2.9
23,97.1,4.6
12.3,70.8,8.5
7.3,74.1,9.6
24.9,71.5,5.6
14.2,100,3.6
16.6,81.7,8.5
23.6,81.3,4.8
7.8,86,8.6
19.2,75.9,5.8
10.9,85.8,8.5
14.1,85.7,4.7
15.5,93.3,5.3
4.5,85.9,6.8
9.5,83.2,1.9
24.5,80,5.2
21.2,82.9,4.4
14.6,100,8.2
16.7,89.8,6.8
12.9,65.5,6.2
24.5,86.7,4.9
13.6,78,4
16.6,64,4.2
23,81.5,5
9.6,75.8,6.7
25.9,89,10
4.3,77.4,6.9
26.4,92.7,4.5
12.4,81.7,10
13.3,91.4,2.6
1.8,84.8,7
11.8,100,7.8
7.7,83.2,5.7
10.7,84.6,3.1
14,80.6,5.4
21.7,76,7.9
16.5,67,6.9
17.2,88.6,9
7.3,93.9,10
8.8,73.4,9.1
27.6,75.7,7.9
9.9,80.2,3
26.6,73.1,8.6
13.3,97.6,4.6
15,99,8.2
22.5,90.1,7.2
23.9,87.7,3.1
14.2,79.3,6.9
12.3,73.4,3.9
14.6,76.3,4.3
17.4,98.7,6.3
21.2,74.6,4.1
15,99.2,5
19.3,100,6.5
26.5,84.4,3.5
17.7,78.2,9.4
17.2,79,1.8
4.4,75.3,9.2
0,77.6,7.6
17.7,73.3,6.6
14.3,73.6,6.8
11.4,91.6,2.1
16.7,78.4,5.1
14.6,65.1,7.4
22.9,92.2,5.9
15.6,86,7.7
9.8,83.9,6.9
21.9,100,8.4
13.5,83.4,4.1
18.7,95,8.8
11.7,97.8,4.2
10.5,86,2.5
15.6,81.7,4.9
15.1,70.8,9
18.4,100,3.8
13.1,97.7,6.5
2.1,85.2,6.3
12,84.7,5.7
20.6,71.4,8.1
12.9,79,5.5
13.3,80.6,7.8
21.9,85,3.6
10,93.8,4.3
4.2,91.9,7.1
13.9,87.1,6.4
11.6,100,1.9
8.2,75.6,7.2
13.8,81.7,5.6
18.4,90.7,7.8
14.9,61.8,5.8
17.1,83,5.6
27.7,75.5,6
12.6,67.4,1.6
16.9,93,5.1
11.4,100,4.5
9.1,88,4.6
10.9,85.1,6.9
11.6,91.4,8.8
17.5,77.2,5.2
31.4,74.3,5.2
10,79.4,8.2
12.1,98.2,6.6
14.6,80.3,10
17.8,84.5,6.2
16.8,72.8,1.8
24,77.5,7.4
0,82,4.7
0,90.2,3.5
11.5,90.9,4.9
22.7,92.6,3.6
4,61.1,8.2
0,100,5.3
19,69,5.3
16.7,72,8
7.4,96.1,10
8.1,76.2,4.9
8.2,75.5,3.5
15.8,82,9.3
10.6,87.7,4.6
18.5,90.3,4.6
0,86.6,4
9,81.3,5.9
7.1,85.4,2.6
13.2,94.9,2.9
11.2,84.6,3.8
20.6,84.3,4.1
2,90.9,4.8
15.3,72.6,6.5
18.9,83.4,4.6
28,92.3,7.1
11.6,85,5.4
17.3,75.4,4.3
2.4,100,7.7
0,90,3.2
20.9,95.2,6
15,89.6,6.3
23.2,99.1,2.5
5.4,75.3,6.2
18.6,80.6,5.1
28.1,79.5,4.3
17.9,83.9,7.9
16.9,75.7,5.6
15.1,74.4,9.9
4,76.5,7.7
24.5,82.6,8
10.7,99.8,7.3
18.5,86.2,3.8
4.1,66.2,7.4
6.7,68.9,8.5
25,87.5,6.4
12.6,75.9,4.5
25.2,76.9,4.5
14.5,80.3,4.1
2.1,99.9,2.8
21.2,90.9,8.9
10.9,93,5.1
19.9,80.5,6.3
15.2,77.1,5.8
4.2,80.6,3.4
16.2,66.2,7.9
30.4,100,6.9
18.5,89.1,4.8
14.6,81.8,2
22.5,88.6,5.8
16.5,73.6,4.2
16.5,90,6.7
7.4,84.9,8.4
16.6,86.4,8.3
22.2,72.8,6.3
9.1,96.7,5.5
25,76.8,6.9
14.4,85,4.2
8.8,80.5,7.6
22,99.4,3.4
13,99,7.6
20.3,90.6,7
13,79.6,6.1
14.6,91.7,9.5
18.5,94.7,8.8
17,92.8,5.5
1,95.4,5.5
7.2,92.5,6.7
21.5,90.5,10
14.1,77,5.4
11.3,100,8.1
5.5,86.2,8.8
7.4,71.4,4.4
0.8,97.3,6.1
14.3,76.7,9.3
10.8,92.8,6.2
8.2,100,5.6
14.5,80.3,4.1
17.5,86.2,3.8
29.7,77.5,6.4
4.4,79.5,6.1
23.1,66.2,3.7
21.8,87.3,5.6
9.5,98.4,2.4
16.4,92.6,4.7
11.8,80.9,4.3
16.3,90.8,10
25.6,70.5,5.2
19.2,93.5,3.9
18.6,83.8,5.2
12,79.4,3.2
4.6,68.2,3.6
13.5,85.9,4.7
23.4,88.4,8.6
4.3,98.4,5.7
7.6,86.5,7
15.9,82.4,3.5
8.1,92.5,6.8
9.5,72.1,4.8
12,88.1,5.7
5.4,83.3,9.1
8.2,77.6,6.3
19.9,93.5,6.6
5.8,88.3,7.5
3.8,73.7,9.7
10.6,100,3.5
20.1,73.5,5.7
13.6,76.6,8
11.7,84.5,3.9
15.3,70.4,4.4
2.8,76.9,4.6
18.5,70.9,3.5
17.7,96.8,5
12.1,64.5,7.3
22,79.1,5.7
7.1,80.8,5.2
22.9,91.8,4.7
16.1,80.6,7.4
12.6,98.2,7
14.9,87.3,6.5
14.2,82.8,4.3
23.5,80.2,5.3
7.5,77.7,2.7
9.7,78.3,8.1
22.3,73,6.8
10.8,73.6,4.3
21.3,86.6,10
26.9,91.2,4.9
12.2,72.5,2.8
19.8,88,7.3
6.9,90.4,8.2
20.3,86,5.2
16.4,86.8,5.6
18.3,63.5,5.8
10.5,84.6,5.1
3.4,82.1,7.6
18.5,99.4,7.8
0.6,69.7,9.6
12.8,80.6,6.9
21.6,79.4,7.7
16.3,91.3,5.6
28.6,82.1,2.4
22.2,81.3,7.6
10.4,94,8.1
15.2,89.1,9.6
14.7,79.5,7.9
3.9,93.4,4.1
8.4,69.6,4.4
11.1,99.8,4.5
0.7,93.3,5.9
15.3,89.9,3.6
13.3,86.8,4
3.3,90.6,5.8
17.8,84.5,5.3
20,66,5.5
16.6,100,3.7
12.7,98.7,3.6
19.1,69.1,6.4
19.8,96.4,6.9
17.2,80.6,8.6
9.2,94.2,3.4
16.9,92.4,5.2
23.4,82.9,10
10.8,88.9,6.5
29.7,72.7,5.4
11.3,99,7.9
15.2,79.3,8.3
10.3,83,7.8
16.6,78.7,5.1
2.8,78.4,4.3
11.2,90.4,4.2
7.4,81.2,5.8
15.9,73.6,8.9
22,77.8,7.1
19.5,76.8,7.8
0,77.4,2.8
29.3,86,5.5
17.1,95.4,8
9.6,66.4,2.2
16.1,70,5.7
16.2,91.4,10
10.3,83.4,1.3
16.4,83.5,4.6
10.7,91.6,5.9
12.2,81.5,8.1
10.2,87.1,9.3
5,100,3.9
16,78.5,4.4
19.1,70.4,6.1
18.6,92.5,6.6
20.7,100,4.8
17.3,87.9,5.4
11.3,83.6,8.3
20.9,71,7.3
5.5,83.4,6.9
8.7,71.3,5.7
8.3,100,5.4
22.6,100,5.8
21.6,82.6,9
18.4,73.4,7.2
22.5,85,6.7
8.8,68.1,8.5
17.4,94.4,6.9
14.1,100,4.3
20.9,93.2,4
14.2,97.9,7
12.3,88.8,5
18.8,96.7,3.9
21.1,82,7.9
10.3,97.9,7.4
14.6,93.1,7.1
7.6,79.4,3.6
0,86.7,5.8
16.4,100,3.3
19.3,83.6,3.3
16.8,90.2,5.3
1.4,70.3,9.3
12.5,78.5,7.6
0,86.5,4.4
24.6,73.5,4.6
7.4,80.1,4.9
23.8,82.2,6.6
21.6,68.6,9.2
8.7,61.6,7.2
7.1,92.5,6
17.5,77.3,7
9.1,81.2,2.2
15.7,80.8,4.1
11.6,85,6.4
2.5,85.6,5.3
0,100,4.8
16.6,83.7,7.7
11.1,96.2,9.3
11.1,70.9,8
19.9,100,6.1
23.2,75.5,7.2
13.1,92.5,5.1
12.6,84.2,8.5
18.5,74,6.2
5.5,75.7,4.2
16.6,85.9,7.3
18.9,82.3,6.3
19.8,79.1,5.7
1.4,99.1,6.2
9.7,93,3.9
8.9,77.1,8.2
15.7,100,3.5
18.4,60.9,5
25.5,97.7,5.1
11.5,100,4.3
11.5,66.3,5.5
23,82.1,5.3
17.1,89.9,5.9
23.9,83,9.4
17,91.7,6.4
6.9,84.7,4.2
5.7,89.2,8.1
4.1,89.2,8.6
19.6,84.1,3.9
23.3,81.7,6
27.9,85.5,4.3
20.9,75.6,9
23.1,94,4.8
10.9,89.2,5.9
6.9,98.7,6.5
21,93.2,9.3
17.9,81.3,6.2
15.8,82.1,6
17.7,98.4,6.7
17.3,75.9,4.2
24,85.7,9.4
24.1,89.8,7.8
18.8,75,3.4
20.9,74.3,3.8
18.6,77,10
11.8,77.7,5.1
20.3,92.3,8.3
5.2,77.2,5.8
22.4,67.9,6
6.6,85.3,3.4
17,100,2.3
9.1,87.4,4.3
18.9,75.5,4.2
14.8,84.7,8
3.8,82.6,4.7
17.9,86.8,1.6
11,97.6,4.9
21.2,71.7,6.5
15,81.4,4.8
17.8,75,6.8
8.3,87.9,8.3
10.9,100,8.9
11.8,73.1,6.9
21,100,8.7
26.7,83.7,4.6
9.4,92.2,7
22.5,81,7.6
0,99.2,5
6.6,74.9,7.3
8.3,97.9,6.4
5.5,82.1,5.4
3.9,84.5,6.8
17.9,95,1.5
13.5,73.7,6.1
17.7,89.3,6.9
19.8,85.8,8.1
16.9,78.3,10
19.6,80.2,6
14.5,100,3.7
6.7,82.9,6.5
22.4,73.2,6.8
10.9,77.2,2.4
8.5,90.5,9.3
13.8,85.8,7.3
8.6,100,3.8
12.1,72.1,6
17.4,77.2,3.2
17.4,87.5,5.3
8.7,78.1,10
11.6,77.5,5.2
22.5,100,5.5
18.5,100,4.8
29.5,91.9,6.7
23.3,86.6,5.3
23,97.5,7.6
5.3,93,5.8
20.3,72,6.9
14.6,77.2,10
11.1,83.9,6.7
16.2,75.2,8.2
21.6,80.6,6
18.5,81,7.4
8.9,69.9,6.6
20.2,72.5,3.8
10.5,92,6.5
16.5,96.6,8.6
12.9,77.9,7.7
13.5,90.9,3.6
20.4,81.1,7
7.7,98.8,7.3
28.6,83.7,5.7
2.3,70.5,6
10.8,100,6
17.6,100,3
19.1,92.2,4.6
14.3,78.6,4.8
14.6,91.1,6.9
17.9,93.1,8.6
13.4,70.8,4.6
24.8,91.7,8.8
20.9,89.1,5.1
21.1,93.1,5.2
8.2,93.2,7.4
14.4,82.3,4.6
12.9,88.2,6.3
8,88.8,4.4
17.5,82.6,7.6
11.2,100,10
19.6,82.7,10
7.5,98.1,4.6
27,78.6,5.4
8.7,73.5,8.2
16.5,96.3,7.6
20.5,92.2,6.8
11,75.7,6.2
21,82.2,7.4
6.4,87,6.1
25.2,100,8.2
15.1,80.5,7.1
10.8,58.1,4.1
12.9,76.5,9.1
20.7,86.4,7.7
10.9,81.8,3.8
9.8,76.1,7.3
13.4,72.6,6.9
6.8,89.1,5.9
27.7,98.7,5.3
11,86.4,2
20.8,77.4,5.2
16.5,82.4,3.4
8.1,92.5,1.1
15,80.3,5.9
20.5,75.2,7.2
13.7,93.2,7.1
23.4,91.2,8
22.2,89.4,5.9
21.4,73.6,1.6
11.8,84.6,3.6
7.4,74.1,3.4
10.7,81.9,4.2
16.4,81.9,9.3
18.8,73,7.4
0,94,4.9
14.9,84.3,8.4
16.1,81.6,6.9
13.1,93.9,5.8
24,97.2,4.1
18,89.1,3.7
24.2,95.4,8
13.5,84.3,5.8
21.6,87.1,6.7
26.4,91.2,2.5
24.2,86.5,4.1
7.4,90.2,7.3
13.2,90.5,8.2
12.6,79.2,4.5
18.4,100,2.5
19.8,99.5,8.1
9.1,77,6.4
15.5,73.5,5.3
0.9,81,4.7
25.1,79,5.1
11.4,99.7,5.1
15.4,86.9,7.7
12.8,78.9,6.7
23,93.1,7.1
0,74,5.9
14.9,76.8,8.1
14.3,100,9.3
11.8,77,5.3
27.1,88.7,3
8.8,77.8,10
20.4,97.9,5.4
17.5,81.5,8.5
23.8,76.3,4.1
10.3,80,8.5
9.9,91,3.9
22.7,65.8,4.9
18,100,8.7
4.2,85.3,6.9
11.2,86.5,8.8
17.7,89.8,7.9
20.9,66.3,4
10.2,81.6,4.3
0,91.1,2
18.7,88,6.3
6.5,89,3.1
0.9,96.7,7.5
0,69.3,6.9
20.7,80.1,2.7
15.9,92.9,4.7
13.4,80.6,10
24.7,90.2,5.9
19.5,75.9,5.4
26.3,84,6
5.3,74.7,5.8
14.8,79.7,5.8
3.7,79.3,6.4
13.4,56.6,4.1
13.3,80.4,1.2
19.4,77.6,5.7
15.3,77.3,9
19.4,84.6,5.3
19.9,89.9,7.7
30.1,86.5,5.7
12.8,76.7,3.1
8.4,84.1,7.5
16.7,86.3,7.2
9.4,74.3,4.6
25.4,93.1,4.7
13,70.4,7.9
11,80,6.8
11.7,89.5,5.8
20,81.9,5.9
13.9,85,10
10.5,80.9,8.4
26.7,76.6,6.1
9,87.1,9.8
15.2,76.9,6
19.6,77.8,8.6
3.6,74.2,7.1
18.4,98.8,5.5
7.6,77.9,7
20.8,86.4,6.6
8.3,95.5,9.1
19.8,80.7,9.5
22.7,77.5,4.9
21,80.1,8.2
16.8,86.2,8.3
13.4,71.4,4.8
11,91.8,2.4
25.3,78.6,4.9
10.1,98.2,5.1
7.7,97.2,4.9
19.7,83.3,3.9
9.4,78.6,6.3
8.3,87.5,9.6
4.9,88.7,3.4
11.6,94.6,6.1
14.4,87.3,5.6
16.7,78.8,5.5
21.7,77.5,9.2
18.7,87.7,6.2
13.7,72.3,10
13.6,69.1,5.7
18.6,60.8,5.5
23.9,82,4.7
15.9,83.7,4.1
11.7,81.5,4.8
8,86,5.9
4.9,91.2,6.4
19.7,82,2
19,100,4.7
19,90.2,6.1
14.1,81.5,5
24.8,85.2,7.1
11.6,56.7,6.8
21.7,82.5,7.4
14.7,79.3,3.4
10.7,72.9,9
19.1,100,2.7
17.9,83.2,8.4
17.5,83.2,4.7
15.6,90.6,1.8
14.7,91.4,8.2
31.7,100,7.7
23.3,88.2,7.6
20.1,85.1,2.5
15.8,78.2,7.8
22.1,67.6,7.5
18.6,86.5,7.2
15.2,69.2,7.5
12.9,96,5.8
14.4,86.1,6.5
0,85.5,4.5
16.5,80.1,4.7
11.6,76,8.6
26.1,87.2,7
15.1,96.2,7.4
6.7,71.4,6.5
14.7,75.9,10
7.7,97.7,9.1
18.3,99.5,1.4
17,88.7,5
21.7,68,8.2
9.5,87.1,7.7
15.2,97.7,5.6
5.4,67.5,4
19.9,89.6,6.5
18.6,82.6,8.9
18.5,70.8,8.8
15,77.6,5.1
17.9,82.8,5.2
26.2,80.8,5.1
13,76.4,7
16,95.8,8.1
7.4,76.8,7.8
8.9,83.8,4.7
15.7,77.8,3.1
22.7,86.3,5.5
13.2,89.7,5.1
13.3,91.4,7.8
12.2,83,6.6
11.3,76.8,7.9
17.1,84.3,6.3
4.5,78.9,9.8
24,97.2,9.4
10.3,81.4,5.8
20.1,82.3,7.9
6.1,80.2,6.8
19.7,69.4,4.9
19.7,89.6,6.9
17.7,100,8.5
8,88.9,4.2
16.7,79.2,2
6.7,95.4,5.6
13.2,82,4.4
22.2,100,8.8
20.6,91.3,6.3
15.1,68.6,5.2
8.2,92.9,4.3
19.5,100,5.2
15.1,80.3,7.6
0,90.8,4.7
20.5,84.9,6.5
14.8,59.1,6.7
23.4,74.6,0.3
7.3,80.5,3.8
0,89.7,4.9
17,72.9,4.2
17,77.3,7.3
3.2,63,4.3
8.2,81.4,5.8
34.3,86.5,3.6
12.9,74.9,7.3
20.1,91.6,5.1
10.4,89,6.7
0.4,80.9,7.6
13.8,73.8,7.6
13.1,94,3.6
12.2,75.8,6
14.2,84.6,3.7
16.8,94.8,3.3
13.9,68,6.3
6.2,84.6,7
18.4,69.3,4.3
1.4,97.5,6.9
0.6,100,5.9
20.2,70.6,6.5
18.5,89.4,5.9
14.6,80.6,5.9
5.2,71.5,4.6
10,84,3.1
13.2,72.7,10
3.8,95.3,3.5
9.8,98,8.7
19.6,96.5,4.6
25,81.7,2.4
12.1,97.9,2.8
20.3,81,5.9
1.6,86.7,6.1
19.6,70.8,7.6
9.4,90.5,10
17.2,81.2,5.5
13.3,76.2,4.5
24.2,88.8,5.7
8.9,82.8,7.7
19.4,96.8,5.9
13,63.4,8
13.9,92.4,7.4
13.7,65.3,5.8
9.1,90.8,2.9
14.9,81.3,5.8
14.6,83.7,10
16.7,100,8.6
15.6,89.6,5.5
20.6,83.4,8.5
21.5,69,7.2
7.6,93.6,3.4
21.1,90.1,4.6
6.7,96.1,8.1
19.1,91.6,7
19.3,90.5,6.7
1.6,96.6,8
15.7,87.8,2.6
11.7,76.3,7
9.7,75.6,7.9
24.5,67.6,7.1
10.4,74.3,2.7
9.4,91.4,9.4
15.5,66,7.9
19.8,78.7,6.6
14,95.1,6.9
23.2,100,4.7
18.7,78.7,5.2
0,81.7,9.8
11.3,86.6,7.3
11.1,98.2,6.9
18.4,86.6,4.8
0,83.4,8.7
32.8,81.4,4.1
18.7,91.1,4.4
16,89.9,6.6
23.3,81.2,2
31.4,94.5,4.8
21.1,89.8,5.9
21.6,80,6.8
15.9,71.7,8.9
14,100,8.8
11.7,83.1,5.1
9.2,84.6,7.4
10.2,83.4,3.7
5.5,75.5,7.6
14.5,81.2,6.9
3.2,95.3,7
16.3,94.4,5
14.7,79.4,6.5
16,78.5,6.8
11.3,55.5,4.5
36.5,66,2.3
24.5,86.3,3.5
6.3,80.5,2.7
16.6,61.3,7
10.7,76.3,7.2
7.9,100,4.9
5.6,87.9,2.7
18,73.4,8.4
10.2,96.3,4.8
21.8,87.4,5.1
22,88.4,7.2
24.6,79.5,7.6
9,100,3.8
18.3,77.3,4.9
19.4,90.9,5.2
11.7,86.2,2.9
9.6,90.3,6.6
26.3,75.1,4.1
16.6,77.2,2
19.5,100,7.3
9.2,68.5,3.8
6.5,78.6,6.7
11,100,5.6
14.1,79.4,2
7.6,86.4,5.3
14.9,71.8,7.7
3.2,85.6,7
7.2,84.7,6.9
19.7,94,7.8
19.2,66.3,6.7
12.3,86.8,5.3
7.9,91.9,5.6
7.8,100,4.9
12.4,82.8,7.4
19.5,99.8,5.7
21.5,81.9,5.1
11.5,80.6,6
6.9,98.7,9
16.9,88.6,6.7
9.2,100,4.6
11.4,70.1,5.7
24.3,89.9,7.5
20.8,79.3,5.6
16.1,85.7,6.4
6.1,94.3,2.5
16.5,91.8,5.7
22.4,84.3,5
12.4,85.9,5.8
24.5,100,6.6
24,93.1,10
26.6,91.9,7
17.1,76.4,3.8
19.1,82,5.9
24.9,100,5.1
18.1,86.7,4.1
11.5,81.6,6.3
11.9,84.3,4.9
16.7,91.8,9.2
6,69.1,6.2
14,100,2.2
22.7,94,4.3
0,73.8,5.6
25.7,78.3,2.7
22.9,100,5.1
11.8,88.1,7.6
18.8,97.5,7.8
15,51.5,4.6
23.6,87.5,8.9
21.9,83.7,7.3
5.2,89,4.4
19.1,81.5,5.6
13.6,76.1,4.2
15.6,66.3,6.6
9.9,87.7,6.9
27.2,73.4,8.5
22.3,81.6,7.4
9.8,99.8,7.5
5.7,89.3,4.7
12.3,82.7,6.3
18,95.3,3.6
16.7,90.5,5.7
23.8,81.4,4.9
20.5,72.2,5.6
21.8,96.3,10
17.3,78.4,6.6
5.3,85.9,9.2
13.6,79.9,2.2
22.4,87.3,2.9
14.6,79.7,6.5
18.5,78.6,1.6
12.8,94.5,7.4
7.8,82,8.9
14.1,81.2,6.3
17.2,80.5,6.7
10.4,100,6.5
13.4,90.6,3.4
8.4,78.7,7.5
22.8,96.6,5
12.9,87.8,5
25.2,82.7,5.4
25.7,75.7,5.6
14.4,78.2,4.2
7.9,87.6,8.4
0.4,95.3,6.4
4.7,100,6.5
5.4,97.3,5.3
24.6,90.3,8.8
15.8,68.1,6.8
17.7,66.3,4.4
0,93.9,3.8
6.6,77.1,10
21.2,77.2,4.4
17,76.5,2.5
14,87.8,4.4
19,88.1,5.2
26.5,99.7,6.8
13.5,96.4,9.7
15.5,80.4,5.4
16.3,80.1,6.9
31.7,99.6,1.9
0.3,81.3,8.5
19.8,98.5,10
14.2,83.9,5.4
19,76.8,6.3
10.4,78.8,5.4
14.7,73.2,7.3
20,86.3,5.3
36.8,80.4,6.5
20.7,71.7,5
